Production Date,Printed Date,,Mailed Date,,01. Survey Only,03. Thank You Survey Only,,04. Thank You With Warranty ONLY,,,05. Warranty Only,,06. Thank You Only,,"07. Thank You, Warranty & Survey",,,,10. 3 Month,,11. Birthday,,12. Drivers,,13. 6 Month,,14. 1 Year,,15. 18 Month,,16. 2 Year,,T. Total Loss,,E. Estimate Follow-Up,,A. Agent Report Card,,S. Special Mailing,
,,,,,Survey,Letter,Envelope,Letter,Warranty,Envelope,Warranty,Envelope,Letter,Envelope,Letter,Warranty,Envelope,Survey,Letter,Envelope,Letter,Envelope,Letter,Envelope,Letter,Envelope,Letter,Envelope,Letter,Envelope,Letter,Envelope,Letter,Envelope,Letter,Envelope,Letter,Envelope,Letter,Envelope
08/10/21,08/10/21,0,08/12/21,2,21,0,0,13,13,13,21,21,1,1,693,693,693,693,"1,203","1,203",0,0,34,34,36,36,"1,385","1,385",954,954,218,218,2,2,0,0,0,0,0,0
08/12/21,08/12/21,0,08/16/21,4,0,0,0,80,80,80,0,0,0,0,197,197,197,197,234,234,0,0,11,11,4,4,88,88,170,170,69,69,0,0,0,0,0,0,0,0
08/17/21,08/21/21,4,08/24/21,7,1,0,0,0,0,0,0,0,0,0,815,815,815,815,324,324,0,0,18,18,13,13,640,640,391,391,52,52,0,0,0,0,11,11,0,0
08/19/21,08/21/21,2,08/25/21,6,13,14,14,4,4,4,0,0,28,28,462,462,462,462,176,176,0,0,4,4,0,0,81,81,145,145,58,58,0,0,0,0,0,0,"2,610","2,610"
08/24/21,08/25/21,1,08/27/21,3,0,0,0,0,0,0,0,0,67,67,654,654,654,654,210,210,0,0,18,18,7,7,656,656,377,377,43,43,0,0,13,13,0,0,0,0
08/25/21,08/26/21,1,08/30/21,5,0,0,0,54,54,54,0,0,0,0,73,73,73,2,0,0,0,0,0,0,0,0,0,0,0,0,0,0,0,0,0,0,0,0,0,0
08/26/21,08/29/21,3,08/30/21,4,36,0,0,69,69,69,36,36,19,19,534,534,534,534,228,228,80,80,7,7,4,4,113,113,180,180,63,63,5,5,0,0,7,7,"2,420","2,420"
08/31/21,08/31/21,0,09/03/21,3,11,0,0,101,101,101,0,0,12,12,621,621,621,621,318,318,10,10,15,15,10,10,673,673,293,293,70,70,4,4,8,8,0,0,0,0
09/02/21,09/03/21,1,09/07/21,5,0,0,0,17,17,17,0,0,0,0,312,312,312,312,270,270,72,72,7,7,4,4,2,2,167,167,59,59,4,4,0,0,0,0,0,0
09/07/21,09/08/21,1,09/09/21,2,0,0,0,154,154,154,0,0,0,0,246,246,246,246,459,459,0,0,11,11,2,2,527,527,316,316,64,64,1,1,0,0,0,0,0,0
09/09/21,09/09/21,0,09/10/21,1,0,0,0,7,7,7,0,0,0,0,271,271,271,271,147,147,0,0,5,5,5,5,111,111,166,166,64,64,0,0,6,6,0,0,0,0
09/14/21,09/15/21,1,09/16/21,2,0,0,0,100,100,100,0,0,0,0,411,411,411,411,353,353,0,0,9,9,11,11,602,602,271,271,79,79,0,0,0,0,2,2,0,0
09/16/21,09/18/21,2,09/20/21,4,30,0,0,164,164,164,0,0,0,0,483,483,483,483,186,186,5,5,4,4,0,0,95,95,156,156,57,57,3,3,0,0,0,0,0,0
09/21/21,09/21/21,0,09/22/21,1,5,0,0,12,12,12,0,0,0,0,454,454,454,454,397,397,1,1,10,10,14,14,633,633,228,228,95,95,1,1,0,0,0,0,0,0
09/23/21,09/23/21,0,09/27/21,4,0,0,0,57,57,57,0,0,22,22,606,606,606,606,178,178,2,2,4,4,0,0,99,99,140,140,58,58,7,7,0,0,0,0,0,0
09/28/21,09/28/21,0,09/30/21,2,0,0,0,95,95,95,0,0,0,0,"1,044","1,044","1,044","1,044",111,111,1,1,19,19,0,0,684,684,210,210,66,66,0,0,0,0,0,0,0,0
09/30/21,10/02/21,2,10/05/21,5,8,0,0,47,47,47,0,0,0,0,390,390,390,390,376,376,2,2,1,1,0,0,86,86,113,113,66,66,0,0,0,0,14,14,"1,479","1,479"
10/05/21,10/06/21,1,10/07/21,2,0,0,0,39,39,39,0,0,0,0,632,632,632,632,246,246,74,74,11,11,0,0,650,650,177,177,86,86,19,19,9,9,0,0,0,0
10/07/21,10/07/21,0,10/11/21,4,23,20,20,16,16,16,0,0,0,0,496,496,496,496,348,348,1,1,4,4,0,0,106,106,99,99,60,60,4,4,0,0,0,0,0,0
10/12/21,10/12/21,0,10/14/21,2,60,1,1,65,65,65,59,59,0,0,487,487,487,487,429,429,0,0,12,12,0,0,677,677,168,168,59,59,1,1,8,8,0,0,0,0
10/14/21,10/14/21,0,10/15/21,1,17,10,10,3,3,3,0,0,0,0,396,396,396,396,229,229,8,8,7,7,0,0,110,110,104,104,68,68,0,0,0,0,4,4,0,0
10/19/21,10/19/21,0,10/21/21,2,0,0,0,48,48,48,0,0,0,0,575,575,575,575,515,515,0,0,11,11,0,0,663,663,203,203,78,78,10,10,0,0,0,0,0,0
10/21/21,10/21/21,0,10/22/21,1,1,0,0,8,8,8,0,0,0,0,375,375,375,375,97,97,0,0,6,6,0,0,82,82,73,73,66,66,0,0,0,0,0,0,0,0
10/26/21,10/26/21,0,10/28/21,2,6,6,6,1,1,1,0,0,28,28,559,559,559,559,575,575,3,3,6,6,0,0,690,690,169,169,62,62,2,2,0,0,0,0,0,0
10/28/21,10/28/21,0,11/01/21,4,0,0,0,0,0,0,0,0,0,0,686,686,686,686,139,139,8,8,5,5,0,0,75,75,75,75,58,58,3,3,0,0,4,4,0,0
11/02/21,11/03/21,1,11/03/21,1,23,0,0,300,300,300,0,0,0,0,585,585,585,585,474,474,70,70,17,17,0,0,609,609,207,207,72,72,9,9,0,0,0,0,0,0
11/04/21,11/04/21,0,11/08/21,4,1,1,1,29,29,29,0,0,0,0,415,415,415,415,152,152,1,1,4,4,0,0,97,97,112,112,60,60,1,1,0,0,0,0,0,0
11/09/21,11/10/21,1,11/11/21,2,8,8,8,108,108,108,0,0,0,0,363,363,363,363,240,240,0,0,24,24,0,0,654,654,213,213,64,64,1,1,0,0,0,0,122,122
11/11/21,11/11/21,0,11/15/21,4,0,0,0,30,30,30,0,0,0,0,516,516,516,516,313,313,2,2,10,10,0,0,97,97,136,136,54,54,1,1,10,10,0,0,0,0
11/16/21,11/17/21,1,11/18/21,2,1,0,0,98,98,98,0,0,0,0,541,541,541,541,452,452,2,2,18,18,0,0,644,644,194,194,79,79,1,1,0,0,8,8,0,0
11/18/21,11/20/21,2,11/22/21,4,0,0,0,7,7,7,0,0,0,0,667,667,667,667,239,239,0,0,4,4,0,0,95,95,105,105,7,7,4,4,0,0,0,0,0,0
11/23/21,11/24/21,1,11/29/21,6,7,7,7,134,134,134,0,0,0,0,385,385,385,385,401,401,1,1,17,17,0,0,448,448,260,260,42,42,1,1,0,0,0,0,0,0
11/30/21,12/01/21,1,12/02/21,2,35,7,7,130,130,130,0,0,0,0,947,947,947,947,308,308,2,2,5,5,0,0,678,678,345,345,109,109,3,3,0,0,4,4,0,0
12/02/21,12/03/21,1,12/06/21,4,74,0,0,0,0,0,74,74,0,0,407,407,407,407,235,235,1,1,3,3,0,0,97,97,151,151,65,65,11,11,0,0,0,0,0,0
12/07/21,12/08/21,1,12/09/21,2,0,0,0,118,118,118,0,0,0,0,791,791,791,791,235,235,0,0,14,14,0,0,640,640,244,244,47,47,0,0,0,0,0,0,"1,265","1,265"
12/09/21,12/10/21,1,12/13/21,4,3,0,0,0,0,0,0,0,0,0,388,388,388,388,223,223,0,0,2,2,0,0,88,88,124,124,52,52,0,0,10,10,0,0,426,426
12/14/21,12/15/21,1,12/17/21,3,4,4,4,39,39,39,0,0,0,0,"1,203","1,203","1,203","1,203",276,276,0,0,10,10,0,0,622,622,254,254,44,44,0,0,0,0,0,0,374,374
12/16/21,12/16/21,0,12/20/21,4,37,5,5,58,58,58,32,32,0,0,229,229,229,229,408,408,0,0,5,5,0,0,94,94,139,139,40,40,3,3,0,0,9,9,0,0
12/17/21,12/17/21,0,12/21/21,4,0,0,0,0,0,0,0,0,0,0,0,0,0,0,0,0,0,0,0,0,0,0,0,0,0,0,0,0,0,0,0,0,0,0,"1,095","1,095"
12/21/21,12/21/21,0,12/23/21,2,1,1,1,14,14,14,0,0,0,0,539,539,539,539,703,703,3,3,13,13,0,0,384,384,268,268,42,42,4,4,0,0,0,0,0,0
12/23/21,12/23/21,0,12/27/21,4,15,0,0,2,2,2,0,0,0,0,289,289,289,289,0,0,0,0,0,0,0,0,0,0,0,0,0,0,0,0,0,0,0,0,0,0
12/28/21,12/29/21,1,12/30/21,2,0,0,0,104,104,104,0,0,0,0,133,133,133,133,539,539,0,0,23,23,0,0,470,470,352,352,92,92,2,2,0,0,0,0,0,0
12/30/21,12/30/21,0,01/03/22,4,0,0,0,65,65,65,0,0,0,0,568,568,568,568,225,225,0,0,4,4,0,0,86,86,129,129,49,49,28,28,0,0,10,10,0,0
01/04/22,01/05/22,1,01/05/22,1,0,0,0,34,34,34,0,0,0,0,395,395,395,395,415,415,129,129,11,11,0,0,607,607,248,248,66,66,3,3,7,7,0,0,0,0
01/06/22,01/07/22,1,01/10/22,4,0,0,0,37,37,37,0,0,0,0,404,404,404,404,187,187,0,0,4,4,0,0,101,101,135,135,45,45,0,0,0,0,0,0,0,0
01/11/22,01/12/22,1,01/13/22,2,0,0,0,86,86,86,0,0,0,0,447,447,447,447,392,392,1,1,13,13,0,0,647,647,302,302,56,56,4,4,0,0,0,0,0,0
01/13/22,01/13/22,0,01/14/22,1,0,0,0,15,15,15,0,0,0,0,161,161,161,161,285,285,4,4,6,6,0,0,137,137,141,141,48,48,1,1,0,0,0,0,0,0
01/18/22,01/19/22,1,01/20/22,2,24,24,24,57,57,57,0,0,0,0,504,504,504,504,290,290,1,1,9,9,0,0,677,677,256,256,59,59,0,0,0,0,0,0,0,0
01/20/22,01/21/22,1,01/22/22,2,0,0,0,4,4,4,0,0,0,0,482,482,482,482,162,162,1,1,11,11,0,0,97,97,133,133,63,63,11,11,0,0,0,0,"1,595","1,595"
01/25/22,01/26/22,1,01/27/22,2,0,0,0,114,114,114,0,0,0,0,752,752,752,752,337,337,3,3,13,13,0,0,744,744,308,308,56,56,2,2,0,0,0,0,0,0
01/27/22,01/29/22,2,01/31/22,4,15,0,0,10,10,10,0,0,0,0,366,366,366,366,201,201,0,0,6,6,0,0,80,80,125,125,52,52,0,0,0,0,5,5,0,0
02/01/22,02/01/22,0,02/02/22,1,36,1,1,52,52,52,35,35,0,0,454,454,454,454,110,110,75,75,16,16,0,0,572,572,264,264,72,72,6,6,0,0,0,0,0,0
02/03/22,02/03/22,0,02/07/22,4,0,0,0,29,29,29,0,0,0,0,369,369,369,369,376,376,3,3,7,7,0,0,86,86,120,120,47,47,2,2,9,9,0,0,182,182
02/08/22,02/10/22,2,02/10/22,2,0,0,0,51,51,51,0,0,0,0,614,614,614,614,402,402,0,0,11,11,0,0,647,647,248,248,60,60,1,1,0,0,0,0,0,0
02/10/22,02/11/22,1,02/14/22,4,0,0,0,1,1,1,0,0,0,0,172,172,172,172,315,315,1,1,6,6,0,0,94,94,145,145,68,68,3,3,0,0,0,0,0,0
02/15/22,02/16/22,1,02/17/22,2,0,0,0,26,26,26,0,0,0,0,522,522,522,522,264,264,2,2,12,12,0,0,497,497,250,250,41,41,1,1,0,0,6,6,0,0
02/17/22,02/18/22,1,02/21/22,4,39,35,35,7,7,7,0,0,0,0,297,297,297,297,277,277,2,2,11,11,0,0,87,87,146,146,68,68,0,0,5,5,0,0,0,0
02/22/22,02/23/22,1,02/24/22,2,28,0,0,7,7,7,28,28,109,109,621,621,621,621,209,209,0,0,13,13,0,0,697,697,312,312,51,51,10,10,0,0,0,0,0,0
02/24/22,02/25/22,1,02/25/22,1,0,0,0,0,0,0,0,0,0,0,310,310,310,310,324,324,0,0,0,0,0,0,101,101,145,145,60,60,12,12,0,0,0,0,0,0
03/01/22,03/02/22,1,03/03/22,2,8,8,8,32,32,32,0,0,1,1,717,717,717,717,0,0,59,59,17,17,7,7,636,636,0,0,0,0,0,0,0,0,0,0,0,0
03/03/22,03/03/22,0,03/07/22,4,0,0,0,39,39,39,0,0,0,0,210,210,210,210,181,181,1,1,6,6,4,4,88,88,116,116,58,58,0,0,0,0,0,0,0,0
03/08/22,03/09/22,1,03/10/22,2,0,0,0,29,29,29,0,0,39,39,730,730,730,730,890,890,1,1,12,12,16,16,682,682,236,236,71,71,0,0,0,0,0,0,0,0
03/10/22,03/11/22,1,03/15/22,5,6,6,6,22,22,22,0,0,0,0,477,477,477,477,197,197,1,1,3,3,8,8,95,95,140,140,41,41,7,7,8,8,0,0,0,0
03/15/22,03/17/22,2,03/18/22,3,21,18,18,60,60,60,0,0,33,33,612,612,612,612,344,344,3,3,18,18,20,20,691,691,254,254,45,45,1,1,0,0,3,3,0,0
03/17/22,03/18/22,1,03/21/22,4,0,0,0,15,15,15,0,0,0,0,223,223,223,223,153,153,2,2,5,5,10,10,106,106,139,139,42,42,0,0,0,0,0,0,0,0
03/22/22,03/23/22,1,03/24/22,2,1,0,0,130,130,130,0,0,9,9,611,611,611,611,62,62,1,1,11,11,20,20,695,695,275,275,54,54,3,3,2,2,0,0,0,0
03/24/22,03/24/22,0,03/25/22,1,13,13,13,4,4,4,0,0,0,0,330,330,330,330,338,338,1,1,8,8,2,2,108,108,155,155,36,36,6,6,0,0,0,0,0,0
03/29/22,03/29/22,0,03/31/22,2,26,9,9,31,31,31,17,17,0,0,566,566,566,566,207,207,0,0,6,6,1,1,649,649,254,254,32,32,0,0,0,0,0,0,0,0
03/31/22,04/01/22,1,04/04/22,4,0,0,0,93,93,93,0,0,0,0,621,621,621,621,342,342,0,0,5,5,3,3,105,105,154,154,21,21,0,0,0,0,7,7,0,0
04/05/22,04/06/22,1,04/08/22,3,34,0,0,40,40,40,0,0,0,0,807,807,807,807,218,218,62,62,17,17,7,7,621,621,263,263,23,23,5,5,0,0,0,0,0,0
04/07/22,04/08/22,1,04/11/22,4,0,0,0,17,17,17,0,0,0,0,194,194,194,194,111,111,2,2,6,6,3,3,104,104,140,140,17,17,1,1,0,0,0,0,0,0
04/12/22,04/13/22,1,04/14/22,2,3,3,3,48,48,48,0,0,0,0,568,568,568,568,296,296,1,1,7,7,8,8,594,594,284,284,20,20,2,2,0,0,0,0,0,0
04/14/22,04/15/22,1,04/18/22,4,38,2,2,250,250,250,36,36,0,0,159,159,159,159,232,232,0,0,5,5,12,12,93,93,151,151,25,25,0,0,5,5,6,6,0,0
04/19/22,04/20/22,1,04/22/22,3,27,16,16,46,46,46,0,0,26,26,711,711,711,711,610,610,2,2,19,19,9,9,546,546,267,267,16,16,1,1,0,0,0,0,0,0
04/21/22,04/22/22,1,04/22/22,1,0,0,0,23,23,23,0,0,1,1,420,420,420,420,260,260,0,0,2,2,3,3,116,116,134,134,17,17,5,5,0,0,0,0,0,0
04/26/22,,,,,3,3,3,45,45,45,0,0,0,0,514,514,514,514,339,339,4,4,18,18,9,9,691,691,283,283,15,15,0,0,0,0,0,0,0,0
04/28/22,,,,,0,0,0,18,18,18,0,0,0,0,409,409,409,409,98,98,2,2,4,4,3,3,109,109,147,147,13,13,1,1,0,0,4,4,0,0
05/03/22,,,,,27,3,3,23,23,23,24,24,0,0,764,764,764,764,356,356,53,53,11,11,5,5,528,528,271,271,16,16,0,0,0,0,0,0,0,0
05/05/22,,,,,2,2,2,2,2,2,0,0,0,0,288,288,288,288,82,82,0,0,5,5,3,3,100,100,95,95,27,27,3,3,0,0,0,0,0,0
05/10/22,,,,,1,0,0,9,9,9,0,0,0,0,528,528,528,528,388,388,1,1,16,16,13,13,537,537,279,279,29,29,3,3,0,0,0,0,0,0
05/12/22,,,,,0,0,0,4,4,4,0,0,0,0,429,429,429,429,212,212,1,1,2,2,4,4,112,112,148,148,24,24,0,0,0,0,0,0,0,0
05/17/22,,,,,7,7,7,15,15,15,0,0,0,0,573,573,573,573,494,494,0,0,15,15,8,8,564,564,275,275,16,16,0,0,0,0,3,3,0,0
05/19/22,,,,,27,0,0,223,223,223,27,27,0,0,381,381,381,381,177,177,2,2,4,4,9,9,159,159,227,227,32,32,0,0,0,0,0,0,0,0
05/24/22,,,,,0,0,0,94,94,94,0,0,0,0,552,552,552,552,513,513,0,0,12,12,5,5,689,689,82,82,25,25,0,0,0,0,0,0,0,0
05/26/22,,,,,0,0,0,44,44,44,0,0,0,0,394,394,394,394,156,156,0,0,4,4,2,2,32,32,113,113,29,29,2,2,0,0,1,1,0,0
05/31/22,,,,,4,4,4,26,26,26,0,0,0,0,367,367,367,367,391,391,1,1,16,16,3,3,507,507,252,252,37,37,0,0,5,5,2,2,0,0
06/02/22,,,,,7,7,7,19,19,19,0,0,0,0,351,351,351,351,178,178,78,78,0,0,3,3,117,117,148,148,38,38,1,1,0,0,0,0,0,0
06/07/22,,,,,0,0,0,176,176,176,0,0,0,0,541,541,541,541,373,373,0,0,11,11,0,0,605,605,270,270,28,28,2,2,0,0,0,0,0,0
06/09/22,,,,,10,11,11,13,13,13,0,0,0,0,432,432,432,432,193,193,0,0,4,4,8,8,129,129,137,137,24,24,1,1,0,0,0,0,0,0
06/14/22,,,,,2,2,2,97,97,97,0,0,0,0,680,680,680,680,278,278,0,0,12,12,7,7,517,517,260,260,49,49,0,0,8,8,4,4,"4,910","4,910"
06/16/22,,,,,0,0,0,45,45,45,0,0,0,0,208,208,208,208,176,176,1,1,11,11,1,1,124,124,182,182,37,37,0,0,0,0,0,0,0,0
06/21/22,,,,,27,27,27,86,86,86,0,0,0,0,559,559,559,559,394,394,1,1,12,12,6,6,655,655,97,97,53,53,3,3,0,0,0,0,0,0
06/23/22,,,,,6,6,6,15,15,15,0,0,0,0,333,333,333,333,303,303,1,1,6,6,4,4,129,129,105,105,15,15,0,0,0,0,0,0,0,0
06/28/22,,,,,0,0,0,79,79,79,0,0,0,0,557,557,557,557,421,421,1,1,14,14,3,3,736,736,161,161,34,34,0,0,0,0,0,0,0,0
06/28/22,,,,,24,0,0,47,47,47,24,24,0,0,149,149,149,149,88,88,2,2,3,3,3,3,46,46,118,118,24,24,1,1,0,0,3,3,0,0
07/05/22,,,,,8,8,8,32,32,32,0,0,0,0,425,425,425,425,400,400,0,0,17,17,8,8,536,536,250,250,36,36,1,1,0,0,0,0,0,0
07/07/22,,,,,0,0,0,26,26,26,0,0,15,15,420,420,420,420,98,98,0,0,6,6,2,2,92,92,130,130,29,29,0,0,5,5,1,1,0,0
07/12/22,,,,,0,0,0,71,71,71,0,0,1,1,608,608,608,608,493,493,0,0,14,14,6,6,666,666,279,279,43,43,2,2,0,0,0,0,0,0
07/14/22,,,,,5,5,5,18,18,18,0,0,0,0,261,261,261,261,303,303,0,0,3,3,5,5,132,132,143,143,32,32,0,0,0,0,0,0,"1,679","1,679"
07/19/22,,,,,2,0,0,70,70,70,0,0,0,0,787,787,787,787,348,348,0,0,10,10,12,12,669,669,289,289,37,37,1,1,4,4,0,0,0,0
07/22/22,,,,,0,0,0,53,53,53,0,0,0,0,420,420,420,420,181,181,0,0,13,13,5,5,277,277,234,234,54,54,0,0,0,0,0,0,0,0
07/26/22,,,,,0,0,0,39,39,39,0,0,0,0,416,416,416,416,402,402,0,0,12,12,2,2,600,600,197,197,21,21,0,0,0,0,0,0,0,0
07/28/22,,,,,0,0,0,23,23,23,0,0,0,0,276,276,276,276,107,107,0,0,7,7,3,3,121,121,125,125,27,27,0,0,0,0,2,2,0,0
08/03/22,,,,,27,0,0,49,49,49,26,26,0,0,781,781,781,781,524,524,0,0,15,15,5,5,508,508,319,319,59,59,2,2,0,0,0,0,0,0
08/05/22,,,,,15,15,15,206,206,206,0,0,0,0,317,317,317,317,124,124,0,0,3,3,3,3,303,303,162,162,17,17,1,1,0,0,1,1,551,551
08/09/22,,,,,0,0,0,24,24,24,0,0,0,0,389,389,389,389,403,403,0,0,9,9,4,4,469,469,172,172,39,39,0,0,0,0,1,1,0,0
08/11/22,,,,,0,0,0,96,96,96,0,0,0,0,405,405,405,405,116,116,0,0,5,5,3,3,145,145,101,101,31,31,0,0,0,0,0,0,0,0
08/16/22,,,,,0,0,0,221,221,221,0,0,0,0,633,633,633,633,392,392,0,0,20,20,8,8,670,670,217,217,40,40,0,0,0,0,0,0,0,0
08/19/22,,,,,0,0,0,12,12,12,0,0,0,0,288,288,288,288,241,241,0,0,2,2,0,0,132,132,134,134,33,33,0,0,0,0,0,0,0,0
08/23/22,,,,,55,16,16,45,45,45,39,39,57,57,419,419,419,419,163,163,0,0,18,18,0,0,644,644,284,284,42,42,2,2,10,10,0,0,0,0
08/25/22,,,,,0,0,0,53,53,53,0,0,0,0,288,288,288,288,256,256,0,0,6,6,0,0,145,145,130,130,51,51,1,1,0,0,5,5,0,0
08/30/22,,,,,3,3,3,66,66,66,0,0,0,0,715,715,715,715,291,291,0,0,9,9,0,0,636,636,265,265,24,24,2,2,0,0,0,0,0,0
09/01/22,,,,,0,0,0,92,92,92,0,0,22,22,514,514,514,514,82,82,0,0,4,4,0,0,50,50,161,161,30,30,0,0,0,0,1,1,0,0
09/07/22,,,,,0,0,0,34,34,34,0,0,22,22,420,420,420,420,510,510,0,0,22,22,0,0,560,560,344,344,48,48,0,0,0,0,0,0,0,0
09/09/22,,,,,7,7,7,70,70,70,0,0,0,0,429,429,429,429,233,233,0,0,5,5,0,0,247,247,166,166,32,32,0,0,0,0,0,0,0,0
09/13/22,,,,,0,0,0,14,14,14,0,0,0,0,188,188,188,188,268,268,0,0,18,18,0,0,489,489,187,187,0,0,0,0,5,5,0,0,0,0
09/16/22,,,,,1,0,0,31,31,31,0,0,0,0,585,585,585,585,229,229,0,0,6,6,0,0,205,205,234,234,50,50,6,6,0,0,0,0,0,0
09/21/22,,,,,0,0,0,63,63,63,0,0,2,2,739,739,739,739,248,248,0,0,12,12,0,0,636,636,260,260,59,59,1,1,0,0,0,0,0,0
09/23/22,,,,,0,0,0,103,103,103,0,0,0,0,220,220,220,220,214,214,0,0,5,5,0,0,284,284,172,172,28,28,0,0,0,0,0,0,0,0
09/27/22,,,,,0,0,0,118,118,118,0,0,0,0,376,376,376,376,80,80,0,0,8,8,0,0,571,571,46,46,0,0,0,0,0,0,0,0,0,0
09/29/22,,,,,4,4,4,27,27,27,0,0,0,0,252,252,252,252,333,333,0,0,4,4,0,0,129,129,297,297,52,52,0,0,0,0,1,1,0,0
10/04/22,10/05,,,,11,11,11,28,28,28,0,0,0,0,507,507,507,507,355,355,0,0,9,9,0,0,627,627,245,245,67,67,3,3,0,0,1,1,0,0
10/06/22,,,,,0,0,0,130,130,130,0,0,0,0,436,436,436,436,172,172,0,0,4,4,0,0,135,135,128,128,47,47,3,3,0,0,0,0,0,0
10/11/22,,,,,5,5,5,46,46,46,0,0,0,0,421,421,421,421,441,441,0,0,0,0,0,0,613,613,261,261,52,52,2,2,0,0,0,0,"1,647","1,647"
10/13/22,,,,,0,0,0,23,23,23,0,0,0,0,148,148,148,148,111,111,0,0,2,2,0,0,69,69,45,45,21,21,0,0,0,0,1,1,0,0
10/18/22,,,,,0,0,0,106,106,106,0,0,0,0,506,506,506,506,361,361,0,0,16,16,0,0,823,823,329,329,78,78,0,0,0,0,0,0,0,0
10/20/22,,,,,0,0,0,52,52,52,0,0,0,0,416,416,416,416,113,113,0,0,2,2,0,0,170,170,130,130,58,58,0,0,0,0,0,0,0,0
10/25/22,,,,,0,0,0,35,35,35,0,0,10,10,605,605,605,605,498,498,0,0,9,9,0,0,738,738,276,276,50,50,0,0,0,0,0,0,0,0
10/27/22,,,,,8,8,8,136,136,136,0,0,0,0,357,357,357,357,116,116,0,0,5,5,0,0,182,182,98,98,37,37,1,1,0,0,2,2,0,0
11/01/22,,,,,0,0,0,62,62,62,0,0,0,0,895,895,895,895,251,251,0,0,9,9,0,0,702,702,261,261,48,48,0,0,0,0,0,0,0,0
11/03/22,,,,,0,0,0,115,115,115,0,0,0,0,133,133,133,133,120,120,0,0,2,2,0,0,92,92,32,32,13,13,0,0,0,0,0,0,0,0
11/08/22,,,,,9,9,9,90,90,90,0,0,0,0,563,563,563,563,543,543,0,0,8,8,0,0,768,768,280,280,91,91,1,1,0,0,0,0,0,0
11/10/22,,,,,0,0,0,45,45,45,0,0,0,0,263,263,263,263,149,149,0,0,7,7,103,103,82,82,109,109,48,48,0,0,18,18,0,0,0,0
11/15/22,11/18/22,,11/21/22,,0,0,0,44,44,44,0,0,0,0,502,502,502,502,256,256,0,0,14,14,0,0,786,786,269,269,68,68,0,0,0,0,0,0,0,0
11/17/22,11/18/22,,11/21/22,,0,0,0,52,52,52,0,0,0,0,391,391,391,391,194,194,0,0,4,4,0,0,181,181,132,132,13,13,0,0,0,0,0,0,0,0
11/23/22,,,12/02/02,,3,3,3,52,52,52,0,0,0,0,708,708,708,708,424,424,0,0,17,17,0,0,567,567,259,259,47,47,2,2,0,0,0,0,0,0
11/29/22,,,12/05/22,,18,0,0,8,8,8,18,18,0,0,435,435,435,435,343,343,0,0,5,5,0,0,653,653,256,256,52,52,1,1,0,0,4,4,0,0
12/01/22,,,12/06/22,,113,0,0,18,18,18,113,113,0,0,383,383,383,383,328,328,0,0,4,4,0,0,81,81,119,119,50,50,2,2,0,0,1,1,0,0
12/06/22,,,12/09/22,,0,0,0,19,19,19,0,0,0,0,527,527,527,527,255,255,0,0,14,14,0,0,542,542,233,233,45,45,2,2,0,0,0,0,0,0
12/08/22,,,12/13/22,,0,0,0,80,80,80,0,0,0,0,210,210,210,210,167,167,0,0,5,5,0,0,510,510,192,192,31,31,0,0,0,0,0,0,0,0
12/13/22,,,12/16/22,,9,9,9,95,95,95,0,0,0,0,533,533,533,533,333,333,0,0,3,3,0,0,716,716,219,219,59,59,0,0,18,18,0,0,0,0
12/15/22,,,12/21/22,,0,0,0,140,140,140,0,0,2,2,348,348,348,348,249,249,0,0,6,6,0,0,333,333,131,131,10,10,9,9,0,0,0,0,"1,862","1,862"
12/20/22,,,12/23/22,,0,0,0,27,27,27,0,0,0,0,418,418,418,418,249,249,0,0,9,9,0,0,411,411,245,245,29,29,4,4,3,3,0,0,0,0
12/21/22,,,12/28/22,,0,0,0,0,0,0,0,0,0,0,0,0,0,0,0,0,0,0,0,0,0,0,0,0,0,0,0,0,0,0,0,0,0,0,369,369
12/22/22,,,12/28/22,,1,0,0,33,33,33,0,0,15,15,391,391,391,391,85,85,0,0,7,7,0,0,245,245,222,222,27,27,1,1,0,0,2,2,0,0
12/29/22,,,12/30/22,,6,6,6,81,81,81,0,0,0,0,964,964,964,964,640,640,0,0,20,20,0,0,864,864,341,341,82,82,0,0,0,0,0,0,0,0
01/05/23,,,01/09/23,,0,0,0,132,132,132,0,0,10,10,755,755,755,755,362,362,0,0,13,13,0,0,751,751,373,373,114,114,3,3,0,0,0,0,0,0
01/10/23,,,01/31/23,,0,0,0,323,323,323,0,0,0,0,347,347,347,347,274,274,0,0,8,8,0,0,836,836,292,292,60,60,1,1,11,11,3,3,0,0
01/12/23,,,01/18/23,,3,3,3,374,374,374,32,32,0,0,461,461,461,461,207,207,0,0,4,4,103,103,286,286,142,142,42,42,0,0,0,0,0,0,0,0
01/17/23,,,01/20/23,,0,0,0,387,387,387,0,0,46,46,368,368,368,368,400,400,0,0,2,2,0,0,852,852,219,219,55,55,4,4,4,4,0,0,"3,149","3,149"
01/19/23,,,01/20/23,,0,0,0,423,423,423,0,0,24,24,207,207,207,207,40,40,0,0,3,3,0,0,377,377,138,138,67,67,1,1,0,0,0,0,0,0
01/24/23,,,01/26/23,,0,0,0,475,475,475,0,0,32,32,697,697,697,697,550,550,0,0,6,6,0,0,929,929,320,320,26,26,6,6,3,3,0,0,0,0
01/26/23,,,01/31/23,,0,0,0,507,507,507,0,0,2,2,375,375,375,375,121,121,0,0,1,1,0,0,479,479,112,112,22,22,3,3,0,0,5,5,0,0
01/31/23,,,02/03/23,,0,0,0,100,100,100,0,0,1,1,570,570,570,570,318,318,0,0,22,22,0,0,681,681,188,188,42,42,0,0,0,0,0,0,0,0
02/02/23,,,02/07/23,,0,0,0,41,41,41,0,0,6,6,146,146,146,146,139,139,0,0,3,3,0,0,170,170,107,107,49,49,2,2,0,0,0,0,0,0
02/07/23,,,02/09/23,,3,3,3,39,39,39,0,0,4,4,404,404,404,404,337,337,0,0,7,7,0,0,717,717,219,219,60,60,6,6,8,8,3,3,0,0
02/09/23,,,02/13/23,,2,2,2,19,19,19,0,0,0,0,427,427,427,427,273,273,0,0,5,5,0,0,183,183,136,136,40,40,0,0,0,0,0,0,0,0
02/14/23,,,02/17/23,,0,0,0,113,113,113,0,0,0,0,408,408,408,408,378,378,0,0,6,6,0,0,664,664,244,244,56,56,0,0,0,0,1,1,0,0
02/16/23,,,02/17/23,,0,0,0,40,40,40,0,0,4,4,198,198,198,198,120,120,0,0,6,6,0,0,180,180,202,202,70,70,0,0,0,0,0,0,0,0
02/21/23,,,02/24/23,,0,0,0,155,155,155,0,0,8,8,525,525,525,525,243,243,0,0,15,15,0,0,709,709,261,261,45,45,1,1,0,0,0,0,0,0
02/23/23,,,02/28/23,,0,0,0,54,54,54,0,0,0,0,654,654,654,654,251,251,0,0,2,2,0,0,218,218,132,132,51,51,0,0,0,0,0,0,0,0
02/28/23,,,03/02/23,,0,0,0,129,129,129,0,0,0,0,632,632,632,632,290,290,0,0,6,6,0,0,690,690,191,191,95,95,0,0,0,0,0,0,"1,600","1,600"
03/02/23,,,03/06/23,,0,0,0,39,39,39,0,0,1,1,278,278,278,278,54,54,0,0,5,5,0,0,176,176,100,100,74,74,1,1,0,0,5,5,0,0
03/07/23,,,03/10/23,,0,0,0,54,54,54,0,0,0,0,545,545,545,545,394,394,0,0,7,7,0,0,721,721,225,225,154,154,7,7,1,1,0,0,0,0
03/09/23,,,03/10/23,,0,0,0,26,26,26,0,0,0,0,439,439,439,439,180,180,0,0,4,4,0,0,86,86,111,111,53,53,0,0,0,0,0,0,0,0
03/14/23,,,03/17/23,,0,0,0,78,78,78,0,0,13,13,429,429,429,429,244,244,0,0,11,11,0,0,501,501,254,254,219,219,0,0,6,6,0,0,0,0
03/16/23,,,03/20/23,,0,0,0,17,17,17,0,0,0,0,392,392,392,392,192,192,0,0,3,3,0,0,101,101,121,121,54,54,6,6,0,0,0,0,0,0
03/21/23,,,03/24/23,,0,0,0,104,104,104,0,0,0,0,480,480,480,480,353,353,0,0,16,16,0,0,950,950,254,254,208,208,0,0,0,0,0,0,0,0
03/23/23,,,03/27/23,,0,0,0,22,22,22,0,0,0,0,275,275,275,275,240,240,0,0,8,8,0,0,187,187,109,109,74,74,1,1,0,0,0,0,0,0
03/28/23,,,03/31/23,,0,0,0,92,92,92,0,0,0,0,524,524,524,524,48,48,0,0,10,10,0,0,743,743,241,241,144,144,0,0,0,0,11,11,0,0
03/30/23,,,04/03/23,,0,0,0,21,21,21,0,0,13,13,342,342,342,342,282,282,0,0,4,4,0,0,212,212,130,130,85,85,0,0,0,0,0,0,0,0
04/04/23,,,04/07/23,,0,0,0,24,24,24,0,0,0,0,576,576,576,576,183,183,0,0,12,12,0,0,728,728,236,236,163,163,1,1,0,0,0,0,0,0
04/06/23,,,04/10/23,,12,12,12,92,92,92,0,0,0,0,436,436,436,436,280,280,0,0,3,3,0,0,199,199,140,140,78,78,0,0,0,0,0,0,0,0
04/11/23,,,04/14/23,,0,0,0,185,185,185,0,0,0,0,479,479,479,479,219,219,0,0,6,6,0,0,689,689,219,219,146,146,0,0,9,9,0,0,"1,428","1,428"
04/13/23,,,14/18/23,,7,7,7,97,97,97,0,0,0,0,355,355,355,355,225,225,0,0,5,5,0,0,189,189,145,145,86,86,11,11,0,0,3,3,0,0
04/18/23,,,04/21/23,,0,0,0,12,12,12,0,0,0,0,510,510,510,510,288,288,0,0,12,12,0,0,704,704,211,211,138,138,0,0,0,0,0,0,0,0
04/20/23,,,04/23/23,,0,0,0,0,0,0,0,0,0,0,226,226,226,226,151,151,0,0,4,4,0,0,156,156,122,122,97,97,4,4,4,4,0,0,0,0
04/25/23,,,04/28/23,,0,0,0,56,56,56,0,0,0,0,817,817,817,817,474,474,0,0,9,9,0,0,742,742,231,231,126,126,4,4,5,5,0,0,0,0
04/27/23,,,05/02/23,,0,0,0,0,0,0,0,0,13,13,186,186,186,186,100,100,0,0,3,3,0,0,180,180,126,126,75,75,0,0,0,0,9,9,0,0
05/02/23,,,05/04/23,,0,0,0,119,119,119,0,0,0,0,558,558,558,558,326,326,0,0,16,16,0,0,648,648,257,257,148,148,0,0,0,0,0,0,0,0
05/04/23,,,5/9/2023,,4,3,3,106,106,106,0,0,14,14,455,455,455,455,105,105,0,0,2,2,0,0,179,179,115,115,75,75,0,0,0,0,0,0,0,0
05/09/23,,,5/11/2023,,0,0,0,27,27,27,0,0,0,0,541,541,541,541,327,327,0,0,7,7,0,0,697,697,247,247,143,143,0,0,0,0,0,0,0,0
05/11/23,,,5/15/2023,,0,0,0,121,121,121,0,0,25,25,324,324,324,324,72,72,0,0,7,7,0,0,189,189,143,143,75,75,0,0,0,0,0,0,0,0
05/16/23,,,5/18/2023,,0,0,0,0,0,0,0,0,0,0,515,515,515,515,253,253,0,0,8,8,0,0,491,491,274,274,47,47,0,0,35,35,0,0,0,0
05/18/23,,,05/22/23,,0,0,0,161,161,161,0,0,5,5,338,338,338,338,246,246,0,0,2,2,0,0,385,385,235,235,185,185,10,10,3,3,0,0,0,0
05/23/23,,,05/25/23,,1,1,1,66,66,66,0,0,0,0,683,683,683,683,453,453,0,0,17,17,0,0,695,695,80,80,97,97,0,0,0,0,0,0,0,0
05/25/23,,,05/31/23,,1,0,0,55,55,55,0,0,8,8,205,205,205,205,203,203,0,0,1,1,0,0,113,113,134,134,83,83,0,0,0,0,8,8,0,0
05/30/23,,,06/01/23,,0,0,0,82,82,82,0,0,0,0,277,277,277,277,464,464,0,0,8,8,0,0,604,604,211,211,149,149,1,1,0,0,0,0,0,0
06/01/23,,,06/07/23,,0,0,0,74,74,74,0,0,0,0,433,433,433,433,259,259,0,0,5,5,0,0,158,158,126,126,46,46,11,11,0,0,0,0,0,0
06/06/23,,,06/08/23,,0,0,0,131,131,131,0,0,0,0,613,613,613,613,110,110,0,0,4,4,0,0,628,628,264,264,50,50,0,0,0,0,0,0,0,0
06/08/23,,,06/09/23,,0,0,0,30,30,30,0,0,0,0,307,307,307,307,245,245,0,0,6,6,0,0,166,166,125,125,46,46,0,0,11,11,0,0,0,0
06/13/23,,,06/15/23,,0,0,0,0,0,0,0,0,0,0,328,328,328,328,310,310,0,0,7,7,0,0,488,488,250,250,49,49,4,4,0,0,0,0,0,0
06/15/23,,,06/19/23,,0,0,0,117,117,117,0,0,0,0,339,339,339,339,189,189,0,0,4,4,0,0,340,340,149,149,48,48,1,1,0,0,0,0,0,0
06/20/23,,,06/22/23,,0,0,0,106,106,106,0,0,0,0,694,694,694,694,336,336,0,0,15,15,0,0,671,671,150,150,86,86,0,0,0,0,6,6,"1,600","1,600"
06/22/23,,,06/26/23,,143,0,0,71,71,71,0,0,8,8,355,355,355,355,296,296,0,0,2,2,0,0,168,168,121,121,37,37,11,11,8,8,0,0,0,0
06/27/23,,,06/29/23,,2,0,0,30,30,30,0,0,0,0,585,585,585,585,460,460,0,0,15,15,0,0,751,751,194,194,42,42,1,1,0,0,0,0,0,0
06/29/23,,,07/03/23,,44,0,0,37,37,37,0,0,17,17,377,377,377,377,186,186,0,0,1,1,0,0,100,100,89,89,41,41,1,1,0,0,1,1,0,0
07/05/23,,,07/07/23,,39,0,0,15,15,15,0,0,0,0,302,302,302,302,403,403,0,0,11,11,0,0,579,579,348,348,75,75,1,1,0,0,0,0,0,0
07/07/23,,,07/10/23,,0,0,0,28,28,28,0,0,0,0,348,348,348,348,39,39,0,0,3,3,0,0,266,266,148,148,37,37,4,4,7,7,0,0,0,0
07/11/23,,,07/12/23,,18,0,0,0,0,0,0,0,0,0,185,185,185,185,284,284,0,0,13,13,0,0,357,357,167,167,53,53,2,2,0,0,0,0,0,0
07/13/23,,,07/14/23,,47,0,0,246,246,246,0,0,0,0,411,411,411,411,244,244,0,0,0,0,0,0,268,268,106,106,46,46,0,0,0,0,5,5,0,0
07/19/23,,,07/21/23,,95,0,0,234,234,234,0,0,0,0,740,740,740,740,544,544,0,0,16,16,0,0,700,700,309,309,76,76,8,8,6,6,5,5,0,0
07/21/23,,,07/25/23,,0,0,0,27,27,27,0,0,0,0,236,236,236,236,185,185,0,0,0,0,0,0,263,263,157,157,49,49,0,0,0,0,4,4,0,0
07/26/23,,,07/27/23,,42,0,0,64,64,64,0,0,0,0,704,704,704,704,341,341,0,0,0,0,0,0,588,588,240,240,67,67,8,8,0,0,1,1,0,0
07/28/23,,,08/01/23,,64,0,0,77,77,77,0,0,1,1,370,370,370,370,251,251,0,0,11,11,0,0,287,287,113,113,23,23,0,0,3,3,0,0,0,0
08/01/23,,,08/04/23,,0,0,0,38,38,38,0,0,16,16,261,261,261,261,365,365,0,0,6,6,0,0,522,522,142,142,41,41,0,0,0,0,0,0,0,0
08/04/23,,,08/08/23,,42,0,0,0,0,0,0,0,0,0,378,378,378,378,188,188,0,0,10,10,0,0,170,170,204,204,50,50,1,1,0,0,0,0,0,0
08/08/23,,,08/11/23,,0,0,0,167,167,167,0,0,0,0,502,502,502,502,317,317,0,0,11,11,0,0,612,612,235,235,64,64,7,7,6,6,0,0,0,0
08/10/23,,,08/14/23,,89,0,0,63,63,63,0,0,0,0,118,118,118,118,174,174,0,0,8,8,0,0,172,172,112,112,39,39,0,0,0,0,0,0,0,0
08/15/23,,,08/18/23,,43,0,0,69,69,69,0,0,0,0,395,395,395,395,442,442,0,0,10,10,0,0,672,672,233,233,58,58,0,0,0,0,0,0,0,0
08/17/23,,,08/21/23,,22,0,0,54,54,54,0,0,0,0,406,406,406,406,154,154,0,0,8,8,0,0,186,186,117,117,44,44,0,0,0,0,5,5,0,0
08/22/23,,,08/24/23,,73,0,0,48,48,48,0,0,0,0,683,683,683,683,170,170,0,0,10,10,0,0,601,601,319,319,72,72,0,0,0,0,0,0,0,0
08/24/23,,,08/28/23,,14,0,0,88,88,88,0,0,0,0,352,352,352,352,322,322,0,0,8,8,0,0,167,167,128,128,40,40,1,1,0,0,0,0,0,0
08/29/23,,,08/31/23,,80,0,0,153,153,153,0,0,0,0,365,365,365,365,249,249,0,0,11,11,0,0,643,643,218,218,34,34,0,0,0,0,0,0,0,0
08/31/23,,,09/05/23,,12,0,0,32,32,32,0,0,0,0,360,360,360,360,56,56,0,0,6,6,0,0,128,128,132,132,41,41,0,0,0,0,0,0,0,0
09/05/23,,,09/08/23,,20,0,0,24,24,24,0,0,0,0,176,176,176,176,109,109,0,0,14,14,0,0,500,500,223,223,77,77,1,1,0,0,5,5,0,0
09/07/23,,,09/13/23,,53,0,0,48,48,48,0,0,0,0,282,282,282,282,241,241,0,0,5,5,0,0,138,138,126,126,34,34,1,1,0,0,0,0,"2,086","2,086"
09/14/23,,,09/18/23,,47,0,0,200,200,200,0,0,0,0,642,642,642,642,756,756,0,0,13,13,0,0,766,766,384,384,106,106,2,2,0,0,0,0,0,0
09/19/23,,,09/21/23,,33,0,0,49,49,49,0,0,0,0,505,505,505,505,454,454,0,0,15,15,0,0,601,601,240,240,89,89,0,0,0,0,0,0,0,0
09/21/23,,,9/25/23,,29,0,0,45,45,45,0,0,0,0,330,330,330,330,300,300,0,0,0,0,0,0,157,157,134,134,94,94,0,0,0,0,0,0,0,0
09/26/23,,,9/28/23,,45,0,0,86,86,86,0,0,0,0,469,469,469,469,172,172,0,0,9,9,0,0,646,646,262,262,49,49,1,1,0,0,0,0,0,0
09/28/23,,,10/2/23,,33,0,0,164,164,164,0,0,0,0,160,160,160,160,103,103,0,0,2,2,0,0,192,192,127,127,119,119,0,0,0,0,10,10,0,0
10/03/23,,,10/06/23,,34,0,0,93,93,93,0,0,0,0,532,532,532,532,280,280,0,0,0,0,0,0,591,591,245,245,64,64,0,0,0,0,0,0,0,0
10/05/23,,,10/11/23,,51,0,0,24,24,24,0,0,0,0,427,427,427,427,283,283,0,0,0,0,0,0,151,151,129,129,33,33,1,1,0,0,0,0,0,0
10/11/23,,,10/16/23,,72,0,0,79,79,79,0,0,0,0,613,613,613,613,384,384,0,0,34,34,0,0,629,629,296,296,148,148,0,0,0,0,0,0,0,0
10/17/23,,,10/20/23,,15,0,0,58,58,58,0,0,0,0,409,409,409,409,382,382,0,0,16,16,0,0,708,708,282,282,174,174,0,0,0,0,0,0,0,0
10/19/23,,,10.25/23,,43,0,0,96,96,96,0,0,0,0,366,366,366,366,374,374,0,0,3,3,0,0,176,176,137,137,99,99,0,0,0,0,0,0,0,0
10/24/23,,,10/27/23,,46,0,0,138,138,138,0,0,0,0,565,565,565,565,238,238,0,0,10,10,0,0,639,639,234,234,129,129,1,1,0,0,0,0,0,0
10/26/23,,,10/31/23,,31,0,0,80,80,80,0,0,0,0,367,367,367,367,120,120,0,0,4,4,0,0,222,222,101,101,85,85,0,0,0,0,0,0,0,0
11/03/23,,,11/07/23,,67,0,0,184,184,184,0,0,5,5,924,924,924,924,542,542,0,0,12,12,0,0,919,919,454,454,249,249,3,3,0,0,0,0,0,0
11/08/23,,,11/14/23,,43,0,0,57,57,57,0,0,2,2,688,688,688,688,406,406,0,0,5,5,0,0,507,507,211,211,138,138,0,0,0,0,0,0,0,0
11/14/23,,,11/20/23,,69,0,0,140,140,140,0,0,0,0,570,570,570,570,456,456,0,0,4,4,0,0,669,669,306,306,217,217,0,0,0,0,0,0,0,0
11/16/23,,,11/21/23,,24,0,0,59,59,59,0,0,0,0,366,366,366,366,207,207,0,0,1,1,0,0,176,176,170,170,50,50,1,1,0,0,0,0,0,0
11/21/23,,,,,29,0,0,79,79,79,0,0,0,0,791,791,791,791,267,267,0,0,6,6,0,0,441,441,169,169,146,146,1,1,0,0,0,0,0,0
11/28/23,,,12/01/23,,57,0,0,92,92,92,0,0,0,0,734,734,734,734,453,453,0,0,10,10,0,0,665,665,335,335,169,169,0,0,0,0,0,0,0,0
11/30/23,,,12/04/23,,25,0,0,132,132,132,0,0,0,0,413,413,413,413,248,248,0,0,8,8,0,0,176,176,134,134,80,80,0,0,0,0,0,0,0,0
12/05/23,,,12/07/23,,58,0,0,27,27,27,0,0,0,0,281,281,281,281,97,97,0,0,7,7,0,0,586,586,219,219,144,144,0,0,0,0,25,25,0,0
12/07/23,,,12/12/23,,7,0,0,109,109,109,0,0,0,0,277,277,277,277,179,179,0,0,5,5,0,0,171,171,127,127,75,75,1,1,0,0,0,0,0,0
12/12/23,,,12/15/23,,66,0,0,0,0,0,0,0,0,0,432,432,432,432,351,351,0,0,0,0,0,0,593,593,267,267,157,157,0,0,0,0,0,0,0,0
12/14/23,,,12/18/23,,17,0,0,0,0,0,0,0,0,0,200,200,200,200,210,210,0,0,12,12,0,0,148,148,127,127,73,73,0,0,0,0,0,0,0,0
12/19/23,,,,,0,0,0,97,97,97,0,0,0,0,291,291,291,291,265,265,0,0,8,8,0,0,537,537,244,244,103,103,0,0,0,0,0,0,"1,628","1,628"
12/21/23,,,12/26/23,,34,0,0,43,43,43,0,0,0,0,313,313,313,313,111,111,0,0,0,0,0,0,93,93,128,128,82,82,0,0,48,48,0,0,0,0
12/28/23,,,12/29/23,,14,0,0,180,180,180,0,0,0,0,662,662,662,662,928,928,0,0,0,0,0,0,358,358,303,303,150,150,0,0,0,0,3,3,0,0
01/04/24,,,01/08/24,,152,0,0,21,21,21,0,0,0,0,572,572,572,572,476,476,0,0,27,27,0,0,416,416,335,335,93,93,1,1,0,0,0,0,0,0
01/09/24,,,01/12/24,,36,0,0,7,7,7,0,0,0,0,466,466,466,466,196,196,0,0,0,0,0,0,446,446,211,211,51,51,0,0,0,0,0,0,0,0
01/11/24,,,01/16/24,,0,0,0,161,161,161,0,0,0,0,44,44,44,44,25,25,0,0,0,0,0,0,461,461,43,43,233,233,0,0,0,0,0,0,0,0
01/15/24,,,01/17/24,,29,0,0,104,104,104,0,0,0,0,419,419,419,419,363,363,0,0,16,16,0,0,624,624,300,300,182,182,1,1,0,0,3,3,0,0
01/19/24,,,,,47,0,0,164,164,164,0,0,0,0,613,613,613,613,413,413,0,0,0,0,0,0,362,362,241,241,158,158,0,0,0,0,3,3,0,0
01/23/24,,,,,68,0,0,44,44,44,0,0,0,0,197,197,197,197,235,235,0,0,12,12,0,0,475,475,195,195,158,158,0,0,0,0,0,0,0,0
01/26/24,,,,,38,0,0,69,69,69,0,0,0,0,363,363,363,363,328,328,0,0,0,0,0,0,394,394,187,187,141,141,0,0,0,0,7,7,0,0
01/30/23,,,,,18,0,0,49,49,49,0,0,0,0,409,409,409,409,228,228,0,0,12,12,0,0,414,414,157,157,129,129,0,0,0,0,1,1,0,0
02/01/24,,,,,26,0,0,97,97,97,0,0,0,0,389,389,389,389,34,34,0,0,0,0,0,0,193,193,128,128,93,93,2,2,0,0,0,0,0,0
02/06/24,,,,,47,0,0,91,91,91,0,0,0,0,605,605,605,605,358,358,74,74,0,0,0,0,606,606,231,231,160,160,0,0,0,0,2,2,0,0
02/08/24,,,,,38,0,0,70,70,70,0,0,0,0,524,524,524,524,30,30,0,0,0,0,0,0,173,173,157,157,96,96,0,0,0,0,0,0,0,0
02/13/24,,,,,45,0,0,38,38,38,0,0,0,0,431,431,431,431,438,438,0,0,0,0,0,0,600,600,233,233,204,204,0,0,0,0,6,6,0,0
02/15/24,,,,,42,0,0,23,23,23,0,0,0,0,207,207,207,207,223,223,0,0,27,27,0,0,160,160,116,116,87,87,4,4,0,0,0,0,0,0
02/20/24,,,,,46,0,0,46,46,46,0,0,0,0,638,638,638,638,160,160,0,0,0,0,0,0,634,634,222,222,165,165,1,1,0,0,0,0,0,0
02/22/24,,,,,0,0,0,76,76,76,0,0,1,1,518,518,518,518,239,239,0,0,19,19,0,0,187,187,154,154,81,81,0,0,0,0,0,0,0,0
02/27/24,,,,,51,0,0,29,29,29,0,0,1,1,417,417,417,417,204,204,0,0,0,0,0,0,724,724,189,189,155,155,1,1,0,0,0,0,0,0
02/29/24,,,,,40,0,0,62,62,62,0,0,0,0,213,213,213,213,206,206,0,0,8,8,0,0,159,159,93,93,71,71,1,1,0,0,0,0,0,0
03/05/24,,,,,18,0,0,221,221,221,0,0,0,0,500,500,500,500,357,357,0,0,13,13,0,0,629,629,200,200,189,189,2,2,0,0,0,0,0,0
03/07/24,,,,,45,0,0,35,35,35,0,0,0,0,228,228,228,228,113,113,0,0,8,8,0,0,157,157,123,123,64,64,0,0,0,0,0,0,0,0
03/13/24,,,,,66,0,0,75,75,75,0,0,0,0,779,779,779,779,242,242,0,0,7,7,0,0,721,721,282,282,184,184,1,1,0,0,4,4,0,0
03/19/24,,,,,42,0,0,294,294,294,0,0,0,0,623,623,623,623,480,480,0,0,10,10,0,0,820,820,320,320,254,254,1,1,0,0,1,1,0,0
03/21/24,,,,,37,0,0,40,40,40,0,0,0,0,135,135,135,135,249,249,0,0,5,5,0,0,184,184,138,138,86,86,1,1,0,0,0,0,0,0
03/26/24,,,,,67,0,0,94,94,94,0,0,0,0,425,425,425,425,178,178,0,0,7,7,0,0,608,608,242,242,83,83,0,0,0,0,0,0,0,0
03/28/24,,,,,18,0,0,108,108,108,0,0,0,0,179,179,179,179,204,204,0,0,7,7,0,0,177,177,115,115,64,64,0,0,0,0,4,4,0,0
04/02/24,,,,,28,0,0,87,87,87,0,0,0,0,541,541,541,541,320,320,0,0,6,6,0,0,674,674,210,210,178,178,0,0,0,0,0,0,0,0
04/04/24,,,,,0,0,0,103,103,103,0,0,1,1,418,418,418,418,84,84,0,0,2,2,0,0,154,154,111,111,53,53,0,0,0,0,0,0,0,0
04/09/24,,,,,40,0,0,94,94,94,0,0,0,0,666,666,666,666,225,225,0,0,11,11,0,0,638,638,211,211,173,173,2,2,0,0,0,0,0,0
04/11/24,,,,,37,0,0,54,54,54,0,0,0,0,235,235,235,235,130,130,0,0,1,1,0,0,155,155,120,120,60,60,0,0,0,0,6,6,0,0
04/16/24,,,,,42,0,0,102,102,102,0,0,0,0,536,536,536,536,207,207,0,0,11,11,0,0,650,650,260,260,171,171,0,0,0,0,0,0,0,0
04/18/24,,,,,35,0,0,60,60,60,0,0,0,0,318,318,318,318,161,161,0,0,2,2,0,0,166,166,114,114,61,61,0,0,0,0,6,6,0,0
04/23/24,,,,,49,0,0,115,115,115,0,0,0,0,348,348,348,348,385,385,0,0,0,0,0,0,761,761,268,268,171,171,1,1,0,0,0,0,0,0
04/26/24,,,,,32,0,0,76,76,76,0,0,0,0,313,313,313,313,36,36,0,0,0,0,0,0,265,265,69,69,52,52,0,0,0,0,0,0,0,0
04/30/24,,,,,20,0,0,123,123,123,0,0,0,0,325,325,325,325,239,239,0,0,13,13,0,0,527,527,160,160,165,165,0,0,0,0,1,1,0,0
05/02/24,,,,,24,0,0,105,105,105,0,0,0,0,307,307,307,307,115,115,0,0,4,4,0,0,185,185,144,144,45,45,2,2,0,0,0,0,0,0
05/09/24,,,,,63,0,0,264,264,264,0,0,2,2,679,679,679,679,384,384,0,0,9,9,0,0,806,806,359,359,251,251,0,0,0,0,3,3,0,0
05/14/24,,,,,26,0,0,130,130,130,0,0,0,0,532,532,532,532,551,551,0,0,0,0,0,0,685,685,215,215,186,186,0,0,0,0,0,0,0,0
05/16/24,,,,,37,0,0,58,58,58,0,0,10,10,220,220,220,220,174,174,0,0,10,10,0,0,166,166,169,169,71,71,1,1,0,0,0,0,0,0
05/21/24,,,,,46,0,0,150,150,150,0,0,0,0,594,594,594,594,392,392,0,0,9,9,0,0,664,664,60,60,177,177,0,0,0,0,0,0,0,0
05/23/24,,,,,13,0,0,52,52,52,0,0,0,0,223,223,223,223,71,71,0,0,0,0,0,0,87,87,147,147,54,54,0,0,0,0,0,0,0,0
05/28/24,,,,,29,0,0,46,46,46,0,0,0,0,397,397,397,397,408,408,0,0,14,14,0,0,629,629,171,171,175,175,0,0,0,0,0,0,0,0
05/30/24,,,,,32,0,0,59,59,59,0,0,0,0,388,388,388,388,106,106,0,0,8,8,0,0,122,122,141,141,32,32,1,1,0,0,0,0,0,0
06/04/24,,,,,22,0,0,41,41,41,0,0,1,1,418,418,418,418,575,575,0,0,12,12,0,0,663,663,231,231,152,152,0,0,0,0,0,0,0,0
06/06/24,,,,,38,0,0,222,222,222,0,0,0,0,125,125,125,125,71,71,0,0,4,4,0,0,174,174,154,154,65,65,1,1,0,0,0,0,0,0
06/11/24,,,,,17,0,0,100,100,100,0,0,0,0,613,613,613,613,359,359,0,0,8,8,0,0,667,667,209,209,172,172,0,0,0,0,0,0,0,0
06/13/24,,,,,39,0,0,52,52,52,0,0,0,0,283,283,283,283,69,69,0,0,1,1,0,0,176,176,122,122,67,67,0,0,0,0,0,0,0,0
06/18/24,,,,,52,0,0,59,59,59,0,0,0,0,375,375,375,375,388,388,0,0,10,10,0,0,622,622,119,119,150,150,0,0,0,0,0,0,0,0
06/20/24,,,,,31,0,0,73,73,73,0,0,0,0,184,184,184,184,88,88,0,0,3,3,0,0,173,173,91,91,75,75,3,3,0,0,0,0,0,0
06/25/24,,,,,32,0,0,171,171,171,0,0,0,0,634,634,634,634,370,370,0,0,9,9,0,0,730,730,148,148,157,157,0,0,0,0,0,0,0,0
06/27/24,,,,,20,0,0,45,45,45,0,0,0,0,129,129,129,129,92,92,0,0,5,5,0,0,173,173,85,85,40,40,3,3,0,0,3,3,0,0
07/02/24,,,,,39,0,0,48,48,48,0,0,0,0,401,401,401,401,320,320,0,0,10,10,0,0,540,540,220,220,172,172,1,1,0,0,0,0,0,0
07/09/24,,,,,57,0,0,85,85,85,0,0,0,0,257,257,257,257,583,583,0,0,8,8,0,0,718,718,318,318,164,164,0,0,0,0,0,0,"2,268","2,268"
07/11/24,,,,,6,0,0,115,115,115,0,0,0,0,492,492,492,492,241,241,0,0,8,8,0,0,195,195,102,102,49,49,0,0,0,0,0,0,0,0
07/16/24,,,,,36,0,0,41,41,41,0,0,0,0,438,438,438,438,208,208,0,0,12,12,0,0,655,655,228,228,157,157,0,0,0,0,0,0,0,0
07/18/24,,,,,39,0,0,6,6,6,0,0,0,0,254,254,254,254,134,134,0,0,2,2,0,0,76,76,109,109,34,34,0,0,0,0,0,0,0,0
07/23/24,,,,,85,0,0,181,181,181,0,0,0,0,511,511,511,511,371,371,0,0,4,4,0,0,756,756,188,188,155,155,0,0,0,0,0,0,0,0
07/25/24,,,,,23,0,0,42,42,42,0,0,0,0,366,366,366,366,220,220,0,0,1,1,0,0,268,268,190,190,42,42,0,0,0,0,0,0,0,0
07/30/24,,,,,102,0,0,57,57,57,0,0,0,0,486,486,486,486,127,127,0,0,10,10,0,0,584,584,158,158,164,164,0,0,0,0,4,4,0,0
08/01/24,,,,,49,0,0,37,37,37,0,0,0,0,203,203,203,203,296,296,0,0,2,2,0,0,202,202,106,106,56,56,0,0,0,0,0,0,0,0
08/06/24,,,,,86,0,0,61,61,61,0,0,0,0,299,299,299,299,431,431,0,0,6,6,0,0,610,610,211,211,142,142,0,0,0,0,0,0,0,0
08/08/24,,,,,31,14,14,91,91,91,0,0,0,0,533,533,533,533,71,71,0,0,3,3,0,0,151,151,152,152,45,45,0,0,0,0,0,0,0,0
08/13/24,,,,,73,0,0,187,187,187,0,0,0,0,439,439,439,439,424,424,0,0,9,9,0,0,602,602,174,174,166,166,0,0,0,0,0,0,0,0
08/15/24,,,,,9,0,0,46,46,46,0,0,0,0,259,259,259,259,75,75,0,0,0,0,0,0,168,168,131,131,51,51,3,3,0,0,2,2,0,0
08/21/24,,,,,64,0,0,399,399,399,0,0,0,0,0,0,0,0,468,468,0,0,16,16,0,0,761,761,332,332,177,177,1,1,0,0,0,0,0,0
08/28/24,,,,,110,0,0,179,179,179,0,0,0,0,"1,570","1,570","1,570","1,570",367,367,0,0,7,7,0,0,846,846,316,316,184,184,1,1,0,0,0,0,0,0
09/05/24,,,,,134,7,7,92,92,92,0,0,0,0,640,640,640,640,936,936,0,0,16,16,0,0,914,914,581,581,231,231,0,0,0,0,1,1,0,0
09/10/24,,,,,6,0,0,195,195,195,0,0,14,14,736,736,736,736,308,308,0,0,10,10,0,0,718,718,226,226,139,139,0,0,0,0,0,0,0,0
09/12/24,,,,,63,0,0,88,88,88,0,0,0,0,172,172,172,172,126,126,0,0,4,4,0,0,174,174,126,126,42,42,2,2,0,0,0,0,0,0
09/17/24,,,,,77,0,0,94,94,94,0,0,28,28,365,365,365,365,442,442,0,0,17,17,0,0,671,671,271,271,176,176,0,0,0,0,0,0,0,0
09/19/24,,,,,32,0,0,39,39,39,0,0,0,0,181,181,181,181,47,47,0,0,4,4,0,0,188,188,131,131,60,60,0,0,0,0,0,0,0,0
09/24/24,,,,,53,0,0,32,32,32,0,0,9,9,445,445,445,445,257,257,0,0,10,10,0,0,734,734,241,241,152,152,1,1,0,0,2,2,0,0
09/26/24,,,,,74,0,0,70,70,70,0,0,0,0,366,366,366,366,191,191,0,0,0,0,0,0,162,162,115,115,40,40,0,0,0,0,0,0,0,0
10/01/24,,,,,34,0,0,17,17,17,0,0,0,0,629,629,629,629,70,70,0,0,13,13,0,0,432,432,213,213,39,39,0,0,0,0,0,0,0,0
10/03/24,,,,,45,0,0,8,8,8,0,0,0,0,237,237,237,237,366,366,0,0,0,0,0,0,57,57,115,115,39,39,0,0,0,0,0,0,0,0
10/08/24,,,,,25,0,0,239,239,239,0,0,0,0,564,564,564,564,158,158,0,0,7,7,0,0,988,988,278,278,311,311,0,0,0,0,0,0,0,0
10/15/24,,,,,61,0,0,8,8,8,0,0,0,0,605,605,605,605,429,429,0,0,12,12,0,0,813,813,315,315,205,205,0,0,0,0,0,0,0,0
10/17/24,,,,,108,0,0,81,81,81,0,0,27,27,324,324,324,324,264,264,0,0,4,4,0,0,173,173,140,140,49,49,0,0,0,0,0,0,0,0
10/22/24,,,,,59,0,0,331,331,331,0,0,3,3,471,471,471,471,312,312,0,0,10,10,0,0,678,678,265,265,153,153,1,1,0,0,0,0,0,0
10/24/24,,,,,34,0,0,117,117,117,0,0,1,1,393,393,393,393,61,61,0,0,5,5,0,0,184,184,110,110,50,50,0,0,0,0,0,0,0,0
10/29/24,,,,,77,0,0,214,214,214,0,0,12,12,357,357,357,357,207,207,0,0,7,7,0,0,707,707,234,234,180,180,0,0,0,0,0,0,0,0
10/31/24,,,,,16,0,0,41,41,41,0,0,0,0,450,450,450,450,180,180,0,0,6,6,0,0,209,209,119,119,73,73,0,0,0,0,0,0,0,0
11/07/24,,,,,119,0,0,168,168,168,0,0,5,5,668,668,668,668,360,360,0,0,16,16,0,0,814,814,333,333,217,217,4,4,0,0,0,0,0,0
11/12/24,,,,,58,0,0,37,37,37,0,0,0,0,416,416,416,416,165,165,0,0,4,4,0,0,664,664,250,250,153,153,0,0,0,0,0,0,0,0
11/14/24,,,,,44,0,0,63,63,63,0,0,2,2,128,128,128,128,324,324,0,0,3,3,0,0,202,202,113,113,34,34,0,0,0,0,0,0,0,0
11/19/24,,,,,31,0,0,76,76,76,0,0,7,7,364,364,364,364,544,544,0,0,9,9,0,0,555,555,192,192,161,161,1,1,0,0,0,0,0,0
11/21/24,,,,,51,0,0,38,38,38,0,0,0,0,204,204,204,204,95,95,0,0,5,5,0,0,188,188,134,134,54,54,0,0,0,0,0,0,0,0
11/22/24,,,,,30,0,0,212,212,212,0,0,0,0,560,560,560,560,82,82,0,0,5,5,0,0,558,558,194,194,100,100,0,0,0,0,4,4,0,0
12/03/24,,,,,84,0,0,195,195,195,0,0,2,2,536,536,536,536,722,722,0,0,11,11,0,0,885,885,342,342,235,235,1,1,0,0,0,0,0,0
12/05/24,,,,,24,0,0,32,32,32,0,0,0,0,285,285,285,285,103,103,0,0,5,5,0,0,175,175,127,127,48,48,0,0,0,0,0,0,0,0
12/10/24,,,,,64,0,0,45,45,45,0,0,3,3,368,368,368,368,252,252,0,0,11,11,0,0,655,655,210,210,173,173,2,2,0,0,0,0,0,0
12/12/24,,,,,5,0,0,0,0,0,0,0,0,0,422,422,422,422,58,58,0,0,0,0,0,0,196,196,111,111,54,54,1,1,0,0,0,0,0,0
12/17/24,,,,,30,0,0,47,47,47,0,0,15,15,459,459,459,459,332,332,0,0,18,18,0,0,749,749,239,239,131,131,0,0,0,0,0,0,0,0
12/19/24,,,,,38,0,0,81,81,81,0,0,0,0,411,411,411,411,272,272,0,0,3,3,0,0,121,121,111,111,52,52,1,1,0,0,0,0,923,923
12/30/24,,,,,78,0,0,588,588,588,0,0,3,3,697,697,697,697,697,697,0,0,25,25,0,0,"1,336","1,336",379,379,322,322,1,1,0,0,0,0,0,0
01/02/25,,,,,37,0,0,32,32,32,0,0,0,0,390,390,390,390,251,251,0,0,7,7,0,0,65,65,147,147,56,56,6,6,0,0,0,0,0,0
01/07/25,,,,,81,0,0,422,422,422,0,0,0,0,443,443,443,443,185,185,0,0,5,5,0,0,660,660,206,206,157,157,0,0,0,0,0,0,0,0
01/09/25,,,,,12,0,0,184,184,184,0,0,0,0,228,228,228,228,178,178,0,0,3,3,0,0,166,166,103,103,58,58,2,2,0,0,0,0,0,0
01/14/25,,,,,28,0,0,69,69,69,0,0,0,0,473,473,473,473,238,238,0,0,11,11,0,0,631,631,198,198,157,157,0,0,0,0,1,1,0,0
01/16/25,,,,,54,25,25,52,52,52,0,0,0,0,217,217,217,217,330,330,0,0,7,7,0,0,213,213,102,102,52,52,1,1,0,0,0,0,0,0
01/21/25,,,,,42,0,0,176,176,176,0,0,5,5,361,361,361,361,247,247,0,0,9,9,0,0,694,694,260,260,204,204,1,1,0,0,0,0,0,0
01/23/25,,,,,52,0,0,47,47,47,0,0,1,1,146,146,146,146,225,225,0,0,4,4,0,0,183,183,78,78,59,59,0,0,0,0,0,0,0,0
01/28/25,,,,,25,0,0,29,29,29,0,0,0,0,459,459,459,459,301,301,0,0,10,10,0,0,714,714,215,215,171,171,0,0,0,0,0,0,0,0
01/30/25,,,,,61,0,0,40,40,40,0,0,0,0,386,386,386,386,201,201,0,0,10,10,0,0,204,204,91,91,60,60,0,0,0,0,0,0,0,0
02/04/25,,,,,25,0,0,44,44,44,0,0,0,0,329,329,329,329,320,320,0,0,13,13,0,0,742,742,190,190,173,173,0,0,0,0,0,0,0,0
02/06/25,,,,,62,0,0,225,225,225,0,0,2,2,184,184,184,184,47,47,0,0,5,5,0,0,131,131,90,90,36,36,0,0,0,0,0,0,0,0
02/11/25,,,,,46,0,0,119,119,119,0,0,2,2,469,469,469,469,215,215,0,0,8,8,0,0,725,725,205,205,182,182,0,0,0,0,0,0,0,0
02/13/25,,,,,30,0,0,22,22,22,0,0,0,0,144,144,144,144,175,175,0,0,4,4,0,0,139,139,93,93,45,45,1,1,0,0,0,0,0,0
02/18/25,,,,,63,0,0,41,41,41,0,0,0,0,536,536,536,536,371,371,0,0,13,13,0,0,772,772,210,210,205,205,0,0,0,0,0,0,0,0
02/20/25,,,,,28,0,0,312,312,312,0,0,0,0,78,78,78,78,256,256,0,0,6,6,0,0,144,144,86,86,38,38,0,0,0,0,5,5,0,0
02/25/25,,,,,35,0,0,293,293,293,0,0,0,0,324,324,324,324,124,124,0,0,7,7,0,0,795,795,217,217,195,195,0,0,0,0,0,0,"2,268","2,268"
02/27/25,,,,,28,0,0,180,180,180,0,0,0,0,329,329,329,329,202,202,0,0,14,14,0,0,103,103,83,83,36,36,0,0,0,0,0,0,490,490
03/04/25,,,,,7,0,0,168,168,168,0,0,3,3,325,325,325,325,167,167,0,0,12,12,0,0,748,748,167,167,213,213,4,4,0,0,0,0,0,0
03/06/25,,,,,87,0,0,348,348,348,0,0,0,0,214,214,214,214,126,126,0,0,4,4,0,0,178,178,106,106,38,38,1,1,0,0,0,0,0,0
03/11/25,,,,,66,0,0,81,81,81,0,0,2,2,323,323,323,323,276,276,0,0,7,7,0,0,686,686,176,176,196,196,0,0,0,0,0,0,0,0
03/13/25,,,,,25,0,0,163,163,163,0,0,0,0,149,149,149,149,329,329,0,0,3,3,0,0,172,172,119,119,54,54,0,0,0,0,0,0,0,0
03/20/25,,,,,93,0,0,157,157,157,0,0,7,7,746,746,746,746,214,214,0,0,18,18,0,0,887,887,331,331,211,211,2,2,0,0,1,1,0,0
03/25/25,,,,,76,0,0,97,97,97,0,0,0,0,693,693,693,693,458,458,0,0,15,15,0,0,740,740,204,204,186,186,0,0,0,0,0,0,0,0
03/27/25,,,,,0,0,0,4,4,4,0,0,0,0,0,0,0,0,0,0,0,0,0,0,0,0,114,114,0,0,2,2,0,0,0,0,0,0,0,0
04/01/25,,,,,0,0,0,3,3,3,0,0,0,0,0,0,0,0,0,0,0,0,0,0,0,0,0,0,25,25,154,154,0,0,0,0,0,0,0,0
04/03/25,,,,,50,0,0,176,176,176,0,0,0,0,682,682,682,682,597,597,0,0,16,16,0,0,552,552,385,385,101,101,2,2,0,0,0,0,0,0
04/08/25,,,,,103,0,0,241,241,241,0,0,0,0,338,338,338,338,264,264,0,0,12,12,0,0,725,725,184,184,199,199,0,0,0,0,0,0,0,0
04/10/25,,,,,29,0,0,34,34,34,0,0,0,0,220,220,220,220,168,168,0,0,6,6,0,0,466,466,96,96,34,34,0,0,0,0,0,0,0,0
04/15/25,,,,,15,0,0,428,428,428,0,0,0,0,385,385,385,385,258,258,0,0,8,8,0,0,737,737,182,182,186,186,0,0,0,0,0,0,0,0
04/17/25,,,,,39,0,0,27,27,27,0,0,0,0,361,361,361,361,66,66,0,0,7,7,0,0,205,205,129,129,46,46,0,0,0,0,5,5,0,0
04/22/25,,,,,34,0,0,83,83,83,0,0,0,0,523,523,523,523,284,284,0,0,12,12,0,0,751,751,221,221,193,193,0,0,0,0,0,0,0,0
04/24/25,,,,,2,0,0,97,97,97,0,0,0,0,295,295,295,295,173,173,0,0,0,0,0,0,203,203,132,132,36,36,0,0,0,0,0,0,0,0
04/29/25,,,,,101,0,0,128,128,128,0,0,0,0,282,282,282,282,0,0,0,0,0,0,0,0,247,247,0,0,188,188,0,0,0,0,0,0,0,0
05/01/25,,,,,17,0,0,251,251,251,0,0,0,0,272,272,272,272,334,334,0,0,0,0,0,0,212,212,0,0,7,7,0,0,0,0,0,0,0,0
05/06/25,,,,,51,0,0,124,124,124,0,0,0,0,308,308,308,308,358,358,0,0,0,0,0,0,226,226,0,0,161,161,0,0,0,0,0,0,0,0
05/13/25,,,,,81,0,0,403,403,403,0,0,0,0,718,718,718,718,288,288,0,0,0,0,0,0,355,355,0,0,149,149,0,0,0,0,0,0,0,0
05/15/25,,,,,30,0,0,92,92,92,0,0,0,0,242,242,242,242,287,287,0,0,0,0,0,0,1899*,1899*,0,0,6,6,0,0,0,0,0,0,0,0
05/20/25,,,,,42,0,0,174,174,174,0,0,0,0,403,403,403,403,233,233,0,0,39,39,0,0,246,246,0,0,148,148,0,0,0,0,0,0,0,0
05/22/25,,,,,37,0,0,68,68,68,0,0,0,0,490,490,490,490,259,259,0,0,0,0,0,0,136,136,0,0,0,0,0,0,0,0,0,0,0,0
05/27/25,,,,,5,0,0,110,110,110,0,0,0,0,148,148,148,148,206,206,0,0,0,0,0,0,260,260,39,39,131,131,0,0,0,0,0,0,0,0
05/29/25,,,,,58,0,0,118,118,118,0,0,0,0,263,263,263,263,87,87,0,0,0,0,0,0,57,57,29,29,0,0,0,0,0,0,0,0,0,0
06/03/25,,,,,22,0,0,192,192,192,0,0,0,0,288,288,288,288,191,191,0,0,0,0,0,0,824,824,876,876,422,422,0,0,0,0,0,0,0,0
06/05/25,,,,,41,0,0,341,341,341,0,0,0,0,77,77,77,77,82,82,0,0,1,1,0,0,195,195,83,83,44,44,0,0,0,0,0,0,0,0
06/10/25,,,,,59,0,0,170,170,170,0,0,0,0,333,333,333,333,242,242,0,0,0,0,0,0,537,537,248,248,167,167,0,0,0,0,0,0,0,0
06/12/25,,,,,0,0,0,65,65,65,0,0,0,0,522,522,522,522,275,275,0,0,2,2,0,0,268,268,54,54,33,33,0,0,0,0,0,0,0,0
06/17/25,,,,,48,0,0,60,60,60,0,0,0,0,370,370,370,370,248,248,0,0,0,0,0,0,563,563,244,244,201,201,0,0,0,0,0,0,0,0
06/24/25,,,,,78,0,0,258,258,258,0,0,6,6,400,400,400,400,842,842,0,0,0,0,0,0,894,894,382,382,223,223,0,0,0,0,0,0,0,0
06/26/25,,,,,0,0,0,91,91,91,0,0,0,0,60,60,60,60,51,51,0,0,0,0,0,0,299,299,49,49,30,30,0,0,0,0,0,0,0,0
07/02/25,,,,,84,0,0,312,312,312,0,0,0,0,713,713,713,713,148,148,0,0,1,1,0,0,728,728,278,278,196,196,4,4,0,0,0,0,0,0
07/08/25,,,,,0,0,0,29,29,29,0,0,0,0,236,236,236,236,321,321,0,0,1,1,0,0,374,374,212,212,139,139,0,0,0,0,0,0,0,0
07/10/25,,,,,59,0,0,200,200,200,0,0,0,0,418,418,418,418,206,206,0,0,2,2,0,0,276,276,88,88,42,42,0,0,0,0,0,0,0,0
07/15/25,,,,,52,0,0,120,120,120,0,0,0,0,292,292,292,292,434,434,0,0,0,0,0,0,544,544,168,168,159,159,5,5,0,0,0,0,0,0
07/17/25,,,,,0,0,0,25,25,25,0,0,0,0,216,216,216,216,176,176,0,0,0,0,0,0,322,322,112,112,43,43,0,0,0,0,0,0,0,0
07/22/25,,,,,0,0,0,298,298,298,0,0,0,0,413,413,413,413,192,192,0,0,1,1,0,0,532,532,191,191,168,168,0,0,0,0,0,0,0,0
07/24/25,,,,,0,0,0,82,82,82,0,0,3,3,291,291,291,291,170,170,0,0,0,0,0,0,296,296,115,115,28,28,0,0,0,0,0,0,0,0
07/29/25,,,,,129,0,0,84,84,84,0,0,0,0,241,241,241,241,206,206,0,0,1,1,0,0,515,515,202,202,186,186,3,3,0,0,0,0,0,0
07/31/25,,,,,14,0,0,269,269,269,0,0,0,0,403,403,403,403,22,22,0,0,0,0,0,0,361,361,163,163,33,33,0,0,0,0,0,0,0,0
08/05/25,,,,,51,0,0,143,143,143,0,0,0,0,409,409,409,409,326,326,0,0,0,0,0,0,464,464,134,134,195,195,0,0,0,0,0,0,0,0
08/07/25,,,,,31,0,0,205,205,205,0,0,0,0,95,95,95,95,84,84,0,0,0,0,0,0,274,274,103,103,45,45,1,1,0,0,0,0,0,0
08/12/25,,,,,39,0,0,65,65,65,0,0,0,0,384,384,384,384,304,304,0,0,0,0,0,0,570,570,202,202,201,201,0,0,0,0,0,0,0,0
08/14/25,,,,,24,0,0,170,170,170,0,0,0,0,102,102,102,102,371,371,0,0,0,0,0,0,290,290,107,107,36,36,0,0,0,0,0,0,0,0
08/19/25,,,,,33,0,0,126,126,126,0,0,2,2,336,336,336,336,39,39,0,0,0,0,0,0,537,537,191,191,203,203,0,0,0,0,0,0,0,0
08/21/25,,,,,33,0,0,61,61,61,0,0,0,0,257,257,257,257,184,184,0,0,0,0,0,0,281,281,117,117,42,42,0,0,0,0,0,0,0,0
08/26/25,,,,,29,0,0,182,182,182,0,0,0,0,535,535,535,535,170,170,0,0,0,0,0,0,512,512,226,226,186,186,0,0,0,0,0,0,0,0
08/28/25,,,,,19,0,0,180,180,180,0,0,1,1,144,144,144,144,57,57,0,0,1,1,0,0,280,280,120,120,26,26,1,1,0,0,0,0,0,0
09/02/25,,,,,12,0,0,126,126,126,0,0,0,0,354,354,354,354,235,235,0,0,2,2,0,0,575,575,181,181,195,195,0,0,0,0,0,0,0,0
09/04/25,,,,,40,0,0,41,41,41,0,0,0,0,254,254,254,254,149,149,0,0,0,0,0,0,164,164,38,38,32,32,0,0,0,0,0,0,0,0
09/09/25,,,,,34,0,0,78,78,78,0,0,0,0,219,219,219,219,283,283,0,0,0,0,0,0,473,473,226,226,165,165,0,0,0,0,0,0,0,0
09/11/25,,,,,26,0,0,97,97,97,0,0,0,0,239,239,239,239,61,61,0,0,0,0,0,0,281,281,52,52,36,36,0,0,0,0,0,0,0,0
09/16/25,,,,,13,0,0,51,51,51,0,0,0,0,520,520,520,520,250,250,0,0,0,0,0,0,561,561,260,260,192,192,0,0,0,0,0,0,0,0
09/18/25,,,,,25,0,0,128,128,128,0,0,0,0,291,291,291,291,42,42,0,0,0,0,0,0,302,302,37,37,56,56,0,0,0,0,0,0,0,0
09/23/25,,,,,37,0,0,117,117,117,0,0,0,0,308,308,308,308,527,527,0,0,0,0,0,0,586,586,226,226,187,187,1,1,0,0,0,0,0,0
09/25/25,,,,,0,0,0,7,7,7,0,0,0,0,283,283,283,283,51,51,0,0,0,0,0,0,297,297,50,50,30,30,0,0,0,0,0,0,0,0
09/30/25,,,,,84,0,0,205,205,205,0,0,0,0,527,527,527,527,153,153,0,0,1,1,0,0,620,620,134,134,167,167,0,0,0,0,0,0,0,0
10/02/25,,,,,30,0,0,50,50,50,0,0,10,10,232,232,232,232,340,340,0,0,0,0,0,0,445,445,70,70,39,39,0,0,0,0,0,0,0,0
10/07/25,,,,,30,0,0,115,115,115,0,0,0,0,625,625,625,625,213,213,0,0,1,1,0,0,310,310,195,195,192,192,0,0,0,0,0,0,0,0
10/10/25,,,,,18,0,0,158,158,158,0,0,1,1,143,143,143,143,139,139,0,0,2,2,0,0,212,212,91,91,28,28,2,2,0,0,0,0,0,0
10/14/25,,,,,31,0,0,145,145,145,0,0,0,0,325,325,325,325,274,274,0,0,0,0,0,0,424,424,207,207,51,51,0,0,0,0,0,0,0,0
10/16/25,,,,,32,0,0,111,111,111,0,0,0,0,173,173,173,173,155,155,0,0,1,1,0,0,234,234,86,86,34,34,0,0,0,0,0,0,0,0
10/21/25,,,,,40,0,0,110,110,110,0,0,1,1,395,395,395,395,75,75,0,0,0,0,0,0,424,424,204,204,60,60,0,0,0,0,0,0,0,0
10/23/25,,,,,7,0,0,73,73,73,0,0,9,9,198,198,198,198,268,268,0,0,0,0,0,0,233,233,97,97,26,26,0,0,0,0,0,0,0,0
10/28/25,,,,,54,0,0,99,99,99,0,0,0,0,405,405,405,405,296,296,0,0,0,0,0,0,414,414,196,196,44,44,0,0,0,0,0,0,0,0
10/30/25,,,,,17,0,0,53,53,53,0,0,0,0,262,262,262,262,26,26,0,0,1,1,0,0,217,217,141,141,35,35,0,0,0,0,0,0,0,0
11/04/25,,,,,16,0,0,324,324,324,0,0,0,0,242,242,242,242,142,142,0,0,0,0,0,0,411,411,147,147,47,47,0,0,0,0,0,0,0,0
11/06/25,,,,,33,0,0,52,52,52,0,0,0,0,63,63,63,63,194,194,0,0,0,0,0,0,168,168,17,17,26,26,0,0,0,0,0,0,0,0
11/11/25,,,,,37,0,0,135,135,135,0,0,17,17,186,186,186,186,40,40,0,0,3,3,0,0,414,414,254,254,60,60,0,0,0,0,0,0,0,0
11/13/25,,,,,17,0,0,40,40,40,0,0,0,0,211,211,211,211,414,414,0,0,0,0,0,0,189,189,0,0,19,19,0,0,0,0,0,0,0,0
11/18/25,,,,,32,0,0,85,85,85,0,0,0,0,560,560,560,560,264,264,0,0,3,3,0,0,434,434,262,262,41,41,1,1,0,0,0,0,0,0
11/20/25,,,,,42,0,0,146,146,146,0,0,0,0,62,62,62,62,296,296,0,0,0,0,0,0,206,206,2,2,35,35,0,0,0,0,0,0,0,0
11/25/25,,,,,13,0,0,280,280,280,0,0,2,2,356,356,356,356,274,274,0,0,1,1,0,0,460,460,254,254,43,43,0,0,0,0,0,0,0,0
12/02/25,,,,,80,0,0,234,234,234,0,0,1,1,235,235,235,235,371,371,0,0,2,2,0,0,529,529,233,233,118,118,0,0,0,0,0,0,0,0
12/04/25,,,,,3,0,0,118,118,118,0,0,0,0,34,34,34,34,30,30,0,0,0,0,0,0,97,97,29,29,14,14,1,1,0,0,0,0,0,0
12/09/25,,,,,11,0,0,143,143,143,0,0,0,0,510,510,510,510,324,324,0,0,3,3,0,0,460,460,194,194,81,81,0,0,0,0,0,0,0,0
12/11/25,,,,,0,0,0,48,48,48,0,0,0,0,386,386,386,386,95,95,0,0,1,1,0,0,243,243,71,71,53,53,0,0,0,0,0,0,0,0
12/16/25,,,,,57,0,0,33,33,33,0,0,0,0,545,545,545,545,241,241,0,0,1,1,0,0,427,427,159,159,28,28,0,0,0,0,0,0,901,901
12/18/25,,,,,49,0,0,111,111,111,0,0,0,0,320,320,320,320,255,255,0,0,1,1,0,0,235,235,94,94,32,32,0,0,0,0,0,0,0,0
12/23/25,,,,,20,0,0,163,163,163,0,0,0,0,495,495,495,495,333,333,0,0,3,3,0,0,409,409,181,181,34,34,3,3,0,0,0,0,0,0
12/30/25,,,,,63,0,0,112,112,112,0,0,0,0,453,453,453,453,657,657,0,0,1,1,0,0,447,447,313,313,86,86,0,0,0,0,0,0,0,0
01/06/26,,,,,51,0,0,250,250,250,0,0,0,0,363,363,363,363,337,337,0,0,3,3,0,0,532,532,122,122,81,81,0,0,0,0,0,0,0,0
01/08/26,,,,,11,0,0,26,26,26,0,0,0,0,238,238,238,238,120,120,0,0,1,1,0,0,224,224,30,30,41,41,0,0,0,0,0,0,0,0
01/13/26,,,,,42,0,0,130,130,130,0,0,0,0,268,268,268,268,221,221,0,0,1,1,0,0,407,407,211,211,59,59,0,0,0,0,0,0,0,0
01/15/26,,,,,16,0,0,242,242,242,0,0,0,0,53,53,53,53,0,0,0,0,0,0,0,0,267,267,0,0,0,0,0,0,0,0,0,0,0,0
01/20/26,,,,,37,0,0,67,67,67,0,0,3,3,283,283,283,283,0,0,0,0,0,0,0,0,481,481,0,0,10,10,0,0,0,0,0,0,0,0
01/22/26,,,,,29,0,0,101,101,101,0,0,1,1,61,61,61,61,0,0,0,0,0,0,0,0,262,262,0,0,0,0,0,0,0,0,0,0,0,0
01/27/26,,,,,17,0,0,56,56,56,0,0,0,0,522,522,522,522,0,0,0,0,0,0,0,0,508,508,0,0,4,4,1,1,0,0,0,0,0,0
01/29/26,,,,,56,0,0,92,92,92,0,0,1,1,172,172,172,172,0,0,0,0,0,0,0,0,277,277,0,0,0,0,1,1,0,0,0,0,0,0
02/03/26,,,,,16,0,0,83,83,83,0,0,0,0,351,351,351,351,0,0,0,0,0,0,0,0,601,601,0,0,7,7,0,0,0,0,0,0,0,0
02/05/26,,,,,48,0,0,86,86,86,0,0,0,0,227,227,227,227,0,0,0,0,0,0,0,0,226,226,0,0,0,0,2,2,0,0,0,0,0,0
02/10/26,,,,,41,0,0,34,34,34,0,0,4,4,228,228,228,228,0,0,0,0,0,0,0,0,487,487,0,0,5,5,2,2,0,0,0,0,0,0
02/12/26,,,,,7,0,0,39,39,39,0,0,0,0,344,344,344,344,0,0,0,0,0,0,0,0,265,265,0,0,0,0,0,0,0,0,0,0,0,0
02/17/26,,,,,0,0,0,41,41,41,0,0,0,0,577,577,577,577,0,0,0,0,0,0,0,0,0,0,0,0,0,0,0,0,0,0,0,0,0,0
02/20/26,,,,,92,0,0,114,114,114,0,0,0,0,119,119,119,119,0,0,0,0,0,0,0,0,0,0,0,0,0,0,0,0,0,0,0,0,0,0
02/24/26,,,,,0,0,0,2,2,2,0,0,0,0,373,373,373,373,0,0,0,0,0,0,0,0,0,0,0,0,0,0,0,0,0,0,0,0,0,0
02/26/26,,,,,44,0,0,39,39,39,0,0,0,0,240,240,240,240,0,0,0,0,0,0,0,0,0,0,0,0,0,0,0,0,0,0,0,0,0,0
03/03/26,,,,,0,0,0,0,0,0,0,0,0,0,369,369,369,369,0,0,0,0,0,0,0,0,0,0,0,0,0,0,0,0,0,0,0,0,0,0
03/12/26,,,,,64,0,0,428,428,428,0,0,0,0,677,677,677,677,0,0,0,0,0,0,0,0,0,0,0,0,0,0,0,0,0,0,0,0,0,0
03/17/26,,,,,10,0,0,36,36,36,0,0,0,0,317,317,317,317,0,0,0,0,0,0,0,0,0,0,0,0,0,0,0,0,0,0,0,0,0,0
03/19/26,,,,,78,0,0,59,59,59,0,0,1,1,267,267,267,267,0,0,0,0,0,0,0,0,0,0,0,0,0,0,0,0,0,0,0,0,0,0
03/24/26,,,,,5,0,0,44,44,44,0,0,0,0,646,646,646,646,0,0,0,0,0,0,0,0,0,0,0,0,0,0,0,0,0,0,0,0,0,0
03/26/26,,,,,54,0,0,30,30,30,0,0,0,0,381,381,381,381,0,0,0,0,0,0,0,0,0,0,0,0,0,0,0,0,0,0,0,0,0,0
03/31/26,,,,,21,0,0,226,226,226,0,0,0,0,356,356,356,356,0,0,0,0,0,0,0,0,0,0,0,0,0,0,0,0,0,0,0,0,0,0
04/02/26,,,,,27,0,0,14,14,14,0,0,0,0,110,110,110,110,0,0,0,0,0,0,0,0,0,0,0,0,0,0,0,0,0,0,0,0,0,0
04/09/26,,,,,83,0,0,117,117,117,0,0,0,0,852,852,852,852,0,0,0,0,0,0,0,0,0,0,0,0,0,0,0,0,0,0,0,0,0,0
04/14/26,,,,,40,0,0,51,51,51,0,0,0,0,156,156,156,156,0,0,0,0,0,0,0,0,0,0,0,0,0,0,0,0,0,0,0,0,0,0
04/16/26,,,,,18,0,0,35,35,35,0,0,0,0,184,184,184,184,0,0,0,0,0,0,0,0,0,0,0,0,0,0,0,0,0,0,0,0,0,0
04/21/26,,,,,14,0,0,20,20,20,0,0,9,9,346,346,346,346,0,0,0,0,0,0,0,0,0,0,0,0,0,0,0,0,0,0,0,0,0,0
04/23/26,,,,,53,0,0,121,121,121,0,0,0,0,139,139,139,139,0,0,0,0,0,0,0,0,0,0,0,0,0,0,0,0,0,0,0,0,0,0
04/28/26,,,,,44,0,0,56,56,56,0,0,0,0,250,250,250,250,0,0,0,0,0,0,0,0,0,0,0,0,0,0,0,0,0,0,0,0,0,0
04/30/26,,,,,6,0,0,24,24,24,0,0,0,0,336,336,336,336,0,0,0,0,0,0,0,0,0,0,0,0,0,0,0,0,0,0,0,0,0,0
05/12/26,,,,,66,0,0,186,186,186,0,0,2,2,884,884,884,884,0,0,0,0,0,0,0,0,0,0,0,0,0,0,0,0,0,0,0,0,0,0
05/14/26,,,,,42,0,0,23,23,23,0,0,0,0,147,147,147,147,0,0,0,0,0,0,0,0,0,0,0,0,0,0,0,0,0,0,0,0,0,0
05/19/26,,,,,8,0,0,16,16,16,0,0,1,1,147,147,147,147,0,0,0,0,0,0,0,0,0,0,0,0,0,0,0,0,0,0,0,0,0,0
05/26/26,,,,,34,0,0,60,60,60,0,0,0,0,507,507,507,507,0,0,0,0,0,0,0,0,0,0,0,0,0,0,0,0,0,0,0,0,0,0
05/28/26,,,,,49,0,0,26,26,26,0,0,1,1,175,175,175,175,0,0,0,0,0,0,0,0,0,0,0,0,0,0,0,0,0,0,0,0,0,0
06/02/26,,,,,6,0,0,46,46,46,0,0,0,0,254,254,254,254,0,0,0,0,0,0,0,0,0,0,0,0,0,0,0,0,0,0,0,0,0,0
06/04/26,,,,,39,0,0,73,73,73,0,0,0,0,84,84,84,84,0,0,0,0,0,0,0,0,0,0,0,0,0,0,0,0,0,0,0,0,0,0
06/09/26,,,,,34,0,0,142,142,142,0,0,0,0,444,444,444,444,0,0,0,0,0,0,0,0,0,0,0,0,0,0,0,0,0,0,0,0,0,0
06/11/26,,,,,0,0,0,10,10,10,0,0,0,0,197,197,197,197,0,0,0,0,0,0,0,0,0,0,0,0,0,0,0,0,0,0,0,0,0,0
06/16/26,,,,,46,0,0,36,36,36,0,0,0,0,215,215,215,215,0,0,0,0,0,0,0,0,0,0,0,0,0,0,0,0,0,0,0,0,0,0
06/18/26,,,,,19,0,0,15,15,15,0,0,0,0,426,426,426,426,0,0,0,0,0,0,0,0,0,0,0,0,0,0,0,0,0,0,0,0,0,0
06/23/26,,,,,0,0,0,0,0,0,0,0,0,0,0,0,0,0,0,0,0,0,0,0,0,0,0,0,0,0,0,0,0,0,0,0,0,0,0,0
