pipedrive_org_id,pipedrive_org_name,source_name,category,original_url,normalized_url,url_cleanup_reason
838,Advanced Collision Incorporated,Auto Collision & Glass,name_review,http://www.autocollisionwny.com/,autocollisionwny.com,scheme-www-or-trailing-slash-normalization
839,Advanced Collision Repair,Advanced Collision Repair,existing_conflict,https://www.advancedcollisionrepairca.com/,advancedcollisionrepairca.com,scheme-www-or-trailing-slash-normalization
852,America's Auto Body,America's Auto Body,existing_conflict,https://americasautobody.com/%3Fy_source%3D1_MTMzMjg2MzUtNzE1LWxvY2F0aW9uLndlYnNpdGU%253D,americasautobody.com/%3fy_source%3d1_mtmzmjg2mzutnze1lwxvy2f0aw9ulndlynnpdgu%253d,tracking-or-encoded-url
853,American Auto Body - MT,Crash Champions Collision Repair Billings 20th,name_review,https://crashchampions.com/locations/crash-champions-billings-20th,crashchampions.com/locations/crash-champions-billings-20th,scheme-www-or-trailing-slash-normalization
865,Artistic Auto Body,Crash Champions LUXE | EV Certified Repair Tigard,name_review,https://crashchampions.com/locations/crash-champions-tigard,crashchampions.com/locations/crash-champions-tigard,scheme-www-or-trailing-slash-normalization
876,Auto Body Concepts [Main],Auto Body Concepts of Millard,name_review,https://www.autobodyconceptsinc.com/%3Fy_source%3D1_NjU1ODM3ODktNzE1LWxvY2F0aW9uLndlYnNpdGU%253D,autobodyconceptsinc.com/%3fy_source%3d1_nju1odm3odktnze1lwxvy2f0aw9ulndlynnpdgu%253d,tracking-or-encoded-url
883,Auto Collision Experts - Lincoln,Crash Champions Collision Repair Ft Collins Lincoln,name_review,https://crashchampions.com/locations/crash-champions-ft-collins-lincoln,crashchampions.com/locations/crash-champions-ft-collins-lincoln,scheme-www-or-trailing-slash-normalization
912,Axiom Collision Repair - Loveland,CARSTAR Axiom Collision Repair - Loveland,name_review,https://www.carstar.com/locations/co/loveland-15778/,carstar.com/locations/co/loveland-15778,scheme-www-or-trailing-slash-normalization
922,Babb's Body Shop,Babb's Body Shop 24 Hour Wrecker Service,name_review,http://www.babbsbodyshop.com/,babbsbodyshop.com,scheme-www-or-trailing-slash-normalization
924,Kevin Ball Auto Body,Kevin Ball Auto Body,existing_conflict,https://www.autobody-review.com/shop/4800/kevin-ball-auto-body,autobody-review.com/shop/4800/kevin-ball-auto-body,scheme-www-or-trailing-slash-normalization
945,Coachman Auto Body,Crash Champions Collision Repair Coeur D'alene,name_review,https://crashchampions.com/locations/crash-champions-coeur-dalene,crashchampions.com/locations/crash-champions-coeur-dalene,scheme-www-or-trailing-slash-normalization
964,Complete Auto Body and Repair - North Lindbergh,Complete Auto Body & Repair,name_review,https://www.completeautobodycenters.com/,completeautobodycenters.com,scheme-www-or-trailing-slash-normalization
970,Concours Body Shop,Concours Body Shop,existing_conflict,https://concoursbodyshop.net/%3Fy_source%3D1_MTI2NDA3MTktNzE1LWxvY2F0aW9uLndlYnNpdGU%253D,concoursbodyshop.net/%3fy_source%3d1_mti2nda3mtktnze1lwxvy2f0aw9ulndlynnpdgu%253d,tracking-or-encoded-url
975,Cooper's Paint & Body Shop,Classic Collision,name_review,https://classiccollision.com/locations/classic-collision-key-west/,classiccollision.com/locations/classic-collision-key-west,scheme-www-or-trailing-slash-normalization
981,Courtesy Body Works,Courtesy Body Works,existing_conflict,https://courtesybodyworks.com/%3Fy_source%3D1_MTUwMTU5MjItNzE1LWxvY2F0aW9uLndlYnNpdGU%253D,courtesybodyworks.com/%3fy_source%3d1_mtuwmtu5mjitnze1lwxvy2f0aw9ulndlynnpdgu%253d,tracking-or-encoded-url
994,Daku's Auto Body Shop,Daku's Auto Body Shop,existing_conflict,https://www.dakuautobody.com/%3Fy_source%3D1_MjgyMTYzMjYtNzE1LWxvY2F0aW9uLndlYnNpdGU%253D,dakuautobody.com/%3fy_source%3d1_mjgymtyzmjytnze1lwxvy2f0aw9ulndlynnpdgu%253d,tracking-or-encoded-url
1026,Bates Collision Centers,Bates Collision Centers,existing_conflict,https://batescc.com/body-shop-baytown/,batescc.com/body-shop-baytown,scheme-www-or-trailing-slash-normalization
1031,Beal's Auto Body and Paint,Beal's Auto Body and Paint,existing_conflict,https://bealsautobodyandpaint.com/%3Fy_source%3D1_MTAzODMyMDY5OS03MTUtbG9jYXRpb24ud2Vic2l0ZQ%253D%253D,bealsautobodyandpaint.com/%3fy_source%3d1_mtazodmymdy5os03mtutbg9jyxrpb24ud2vic2l0zq%253d%253d,tracking-or-encoded-url
1035,Bebrick Collision Center,Joe Hudson's Collision Center,name_review,https://jhcc.com/locations/auto-body-shop-waco-tx/,jhcc.com/locations/auto-body-shop-waco-tx,scheme-www-or-trailing-slash-normalization
1039,Hampden Auto Body,Hampden Auto Body,existing_conflict,https://denverautobodyrepair.net/,denverautobodyrepair.net,scheme-www-or-trailing-slash-normalization
1045,Harold's Auto Body Ltd.,Harold's Autobody,name_review,http://haroldsautobody.com/,haroldsautobody.com,scheme-www-or-trailing-slash-normalization
1060,Herrick Auto Rebuilders,"HERRICK AUTO REBUILDERS, INC.",name_review,https://www.herrickautorebuilders.com/,herrickautorebuilders.com,scheme-www-or-trailing-slash-normalization
1061,Bistagne Bros. Body Shop,Bistagne Bros. Body Shop,existing_conflict,https://www.bistagnebros.com/,bistagnebros.com,scheme-www-or-trailing-slash-normalization
1062,Highlands Ranch Collision Center,Highlands Ranch Collision Center,existing_conflict,https://highlandsranchcollision.com/,highlandsranchcollision.com,scheme-www-or-trailing-slash-normalization
1069,Hogan & Van Auto Body,Hogan & Van Auto Body,existing_conflict,https://hoganandvan.com/%3Fy_source%3D1_MTU3OTc4MjgtNzE1LWxvY2F0aW9uLndlYnNpdGU%253D,hoganandvan.com/%3fy_source%3d1_mtu3otc4mjgtnze1lwxvy2f0aw9ulndlynnpdgu%253d,tracking-or-encoded-url
1087,IFM Collision Center,IFM Collision Center,existing_conflict,https://ifmcollisioncenter.com/%3Fy_source%3D1_MTQ3NzQwNzMtNzE1LWxvY2F0aW9uLndlYnNpdGU%253D,ifmcollisioncenter.com/%3fy_source%3d1_mtq3nzqwnzmtnze1lwxvy2f0aw9ulndlynnpdgu%253d,tracking-or-encoded-url
1090,Impact Auto Body,Impact Auto Body,existing_conflict,http://impactautobodyshop.com/,impactautobodyshop.com,scheme-www-or-trailing-slash-normalization
1106,Island Fender,ISLAND FENDER,name_review,https://www.islandfender.com/,islandfender.com,scheme-www-or-trailing-slash-normalization
1118,Jim Chapman's Body Shop,"Jimchapman""s Body Shop",name_review,http://jim-chapmans-body-shop.jany.io/,jim-chapmans-body-shop.jany.io,scheme-www-or-trailing-slash-normalization
1121,Budd Baer Collision Center,Budd Baer Collision Center,existing_conflict,http://www.buddbaercollision.com/,buddbaercollision.com,scheme-www-or-trailing-slash-normalization
1128,BumperDoc of Millenia,Millenia Auto Body,name_review,http://milleniaautobody.com/,milleniaautobody.com,scheme-www-or-trailing-slash-normalization
1129,Burl's Collision Center,Classic Collision,name_review,https://classiccollision.com/locations/classic-collision-north-frisco/,classiccollision.com/locations/classic-collision-north-frisco,scheme-www-or-trailing-slash-normalization
1139,Cable Dahmer Collision Center - BGC,Crash Champions Collision Repair Ind Noland,name_review,https://crashchampions.com/locations/crash-champions-ind-noland,crashchampions.com/locations/crash-champions-ind-noland,scheme-www-or-trailing-slash-normalization
1141,K&M Collision,K & M Collision,name_review,https://kandmcollision.com/%3Futm_source%3Dgbp%26utm_medium%3Dorganic%26utm_campaign%3Dwebsite-button,kandmcollision.com/%3futm_source%3dgbp%26utm_medium%3dorganic%26utm_campaign%3dwebsite-button,tracking-or-encoded-url
1158,Kenny Davis Collision,Kenny Davis Collision,existing_conflict,https://bobmaloneycollision.com/%3Fy_source%3D1_OTY4NzE1OTQtNzE1LWxvY2F0aW9uLndlYnNpdGU%253D,bobmaloneycollision.com/%3fy_source%3d1_oty4nze1otqtnze1lwxvy2f0aw9ulndlynnpdgu%253d,tracking-or-encoded-url
1162,Keno/Gustafson [Main],Gustafson Body Shop,name_review,https://www.gustafsonbodyshop.com/,gustafsonbodyshop.com,scheme-www-or-trailing-slash-normalization
1171,Kilkeary's Auto Body,Kilkeary's Auto Body,existing_conflict,https://www.kilkearysautobody.com/%3Fy_source%3D1_MTAwMzI1NjIxOC03MTUtbG9jYXRpb24ud2Vic2l0ZQ%253D%253D,kilkearysautobody.com/%3fy_source%3d1_mtawmzi1njixoc03mtutbg9jyxrpb24ud2vic2l0zq%253d%253d,tracking-or-encoded-url
1173,King Collision Centers,King Collision Centers,needs_review_fill,https://kingcollision.com/,kingcollision.com,scheme-www-or-trailing-slash-normalization
1187,Central Auto Body,Classic Collision,name_review,https://classiccollision.com/locations/classic-collision-central-point/,classiccollision.com/locations/classic-collision-central-point,scheme-www-or-trailing-slash-normalization
1201,LaMettry's Collision [Main],"LaMettry's Collision, Inc. of Bloomington",name_review,https://www.lamettrys.com/bloomington-location/,lamettrys.com/bloomington-location,scheme-www-or-trailing-slash-normalization
1213,Latuff Brothers Auto Body,Latuff Brothers Auto Body,safe_fill,http://www.latuffbrothers.com/,latuffbrothers.com,scheme-www-or-trailing-slash-normalization
1220,Lee's Garage,Lee’s Garage of West Long Branch,name_review,https://www.leesgarage.com/%3Fy_source%3D1_MTE1OTU5NjEtNzE1LWxvY2F0aW9uLndlYnNpdGU%253D,leesgarage.com/%3fy_source%3d1_mte1otu5njetnze1lwxvy2f0aw9ulndlynnpdgu%253d,tracking-or-encoded-url
1235,Xtreme Collision Center,Auto Xtreme Collision - Powered by Landers Collision Network,name_review,https://landersauto.com/%3Futm_source%3Dgoogle-gmb-maps%26utm_medium%3Dgmb-website-button%26utm_campaign%3Dlocl.io%26utm_content%3D13b266de-fb88-4404-9211-db7db9f39382,landersauto.com/%3futm_source%3dgoogle-gmb-maps%26utm_medium%3dgmb-website-button%26utm_campaign%3dlocl.io%26utm_content%3d13b266de-fb88-4404-9211-db7db9f39382,tracking-or-encoded-url
1238,Majestic Auto Body,Majestic Auto Body,existing_conflict,https://majesticautobody.com/%3Fy_source%3D1_MTAwMDA1OTM4MC03MTUtbG9jYXRpb24ud2Vic2l0ZQ%253D%253D,majesticautobody.com/%3fy_source%3d1_mtawmda1otm4mc03mtutbg9jyxrpb24ud2vic2l0zq%253d%253d,tracking-or-encoded-url
1241,Fradella's Collision Centers,Classic Collision,name_review,https://classiccollision.com/locations/classic-collision-chalmette/,classiccollision.com/locations/classic-collision-chalmette,scheme-www-or-trailing-slash-normalization
1258,Drury Body Shop,Drury - Moss Collision,name_review,https://drurybodyshop.com/amarillo-collision-repair/,drurybodyshop.com/amarillo-collision-repair,scheme-www-or-trailing-slash-normalization
1265,Elite Auto Collision - Athens,Classic Collision,name_review,https://classiccollision.com/locations/classic-collision-athens/,classiccollision.com/locations/classic-collision-athens,scheme-www-or-trailing-slash-normalization
1306,Fitzgerald Auto Group [Main],Caliber Collision,name_review,https://www.caliber.com/find-a-location/monroeville%3Futm_source%3Dgoogle%26utm_medium%3Dgbp-profile%26utm_campaign%3Dwebform-GBPwebsite%26utm_content%3D%26utm_term%3D%26utm_id%3D0966,caliber.com/find-a-location/monroeville%3futm_source%3dgoogle%26utm_medium%3dgbp-profile%26utm_campaign%3dwebform-gbpwebsite%26utm_content%3d%26utm_term%3d%26utm_id%3d0966,tracking-or-encoded-url
1309,Fix Auto Chicago,Fix Auto Chicago,existing_conflict,https://fixautousa.com/locations/illinois/chicago/,fixautousa.com/locations/illinois/chicago,scheme-www-or-trailing-slash-normalization
1312,Fix Auto Sun Valley,Maven Autobody,name_review,https://www.mavenautobody.com/,mavenautobody.com,scheme-www-or-trailing-slash-normalization
1316,Forrest Auto Body,Forrest Auto Body,existing_conflict,https://www.forrestautobodyme.com/,forrestautobodyme.com,scheme-www-or-trailing-slash-normalization
1318,Frank's Accurate Body Shop,Joe Hudson's Collision Center,name_review,https://jhcc.com/locations/auto-body-shop-slidell-la/,jhcc.com/locations/auto-body-shop-slidell-la,scheme-www-or-trailing-slash-normalization
1330,Joe Hudson's Collision Center (formerly Gilmore's Collision Center),Joe Hudson's Collision Center,name_review,https://jhcc.com/locations/auto-body-shop-wichita-falls/%3Futm_source%3Dgmb%26utm_medium%3DYext%26y_source%3D1_MjQxMzAyMzEtNzE1LWxvY2F0aW9uLndlYnNpdGU%253D,jhcc.com/locations/auto-body-shop-wichita-falls/%3futm_source%3dgmb%26utm_medium%3dyext%26y_source%3d1_mjqxmzaymzetnze1lwxvy2f0aw9ulndlynnpdgu%253d,tracking-or-encoded-url
1335,CARSTAR - Gobel's Collision,CARSTAR Gobel's Collision,name_review,https://www.carstar.com/locations/mo/west-plains-15516/,carstar.com/locations/mo/west-plains-15516,scheme-www-or-trailing-slash-normalization
1338,Golden West Collision Center,Golden West Collision Center,existing_conflict,http://www.goldenwestcollision.com/%3Fy_source%3D1_MTE5MjU4MDYtNzE1LWxvY2F0aW9uLndlYnNpdGU%253D,goldenwestcollision.com/%3fy_source%3d1_mte5mju4mdytnze1lwxvy2f0aw9ulndlynnpdgu%253d,tracking-or-encoded-url
1351,Lexus of Pembroke Pines Collision Center,Zinn Collision Center at Pembroke Pines,name_review,https://www.craigzinncollisioncenters.com/%3Futm_source%3Dgoogle%26utm_medium%3Dorganic%26utm_campaign%3Dgmb-service,craigzinncollisioncenters.com/%3futm_source%3dgoogle%26utm_medium%3dorganic%26utm_campaign%3dgmb-service,tracking-or-encoded-url
1355,Lindsay Collision Center,Lindsay Collision Center Springfield,name_review,https://www.lindsaycollision.com/collision-repair-springfield/,lindsaycollision.com/collision-repair-springfield,scheme-www-or-trailing-slash-normalization
1364,Mackin's Auto Body,Mackin's Auto Body East Vancouver,name_review,https://www.mackinsab.com/locations/east-vancouver/%3Futm_source%3Dgooglebusinessprofile%26utm_medium%3Dorganic%26utm_campaign%3Dgbpwebsitelink,mackinsab.com/locations/east-vancouver/%3futm_source%3dgooglebusinessprofile%26utm_medium%3dorganic%26utm_campaign%3dgbpwebsitelink,tracking-or-encoded-url
1365,"Mahnke Auto Body, Inc",Kaizen Collision Center - Arvada,name_review,https://kaizencollision.com/locations/body-shop-arvada-co/,kaizencollision.com/locations/body-shop-arvada-co,scheme-www-or-trailing-slash-normalization
1368,Manuel Collision Center,Joe Hudson's Collision Center,name_review,https://jhcc.com/locations/auto-body-shop-ada-ok/,jhcc.com/locations/auto-body-shop-ada-ok,scheme-www-or-trailing-slash-normalization
1376,Master Collision Group,"LaMettry's Collision, Inc. of South Minneapolis",name_review,https://www.lamettrys.com/south-minneapolis-location/,lamettrys.com/south-minneapolis-location,scheme-www-or-trailing-slash-normalization
1380,McDonald Collision,McDonald Collision,existing_conflict,https://mcdonaldcollision.com/%3Fy_source%3D1_MTYzMTU4ODEtNzE1LWxvY2F0aW9uLndlYnNpdGU%253D,mcdonaldcollision.com/%3fy_source%3d1_mtyzmtu4odetnze1lwxvy2f0aw9ulndlynnpdgu%253d,tracking-or-encoded-url
1386,Meramec Heights Collision Center,Gerber Collision & Glass,name_review,https://www.gerbercollision.com/locations/arnold-mo%3Futm_source%3DSEO_Local%26utm_medium%3DSEO_Local_Snack_Pack%26utm_campaign%3DMO%26utm_content%3DArnold,gerbercollision.com/locations/arnold-mo%3futm_source%3dseo_local%26utm_medium%3dseo_local_snack_pack%26utm_campaign%3dmo%26utm_content%3darnold,tracking-or-encoded-url
1403,Morse Evergreen Auto Body,CARSTAR Morse Evergreen Auto Body,name_review,https://www.carstar.com/locations/co/evergreen-15810/,carstar.com/locations/co/evergreen-15810,scheme-www-or-trailing-slash-normalization
1409,Maaco Auto Body Shop & Painting,Maaco Auto Body Shop & Painting,existing_conflict,https://www.maaco.com/locations/tx/new-braunfels-12741/%3Futm_source%3Dgoogle%26utm_medium%3Dorganic%26utm_campaign%3Dgbp_website,maaco.com/locations/tx/new-braunfels-12741/%3futm_source%3dgoogle%26utm_medium%3dorganic%26utm_campaign%3dgbp_website,tracking-or-encoded-url
1415,Noaker's Auto Body,Noaker’s Auto Body,name_review,https://www.vivecollision.com/shop/noakersautobody/,vivecollision.com/shop/noakersautobody,scheme-www-or-trailing-slash-normalization
1423,Northwest Arkansas Collision Center [Main]/Gerber Collision & Glass,Gerber Collision & Glass,name_review,https://www.gerbercollision.com/locations/farmington-ar%3Futm_source%3DSEO_Local%26utm_medium%3DSEO_Local_Snack_Pack%26utm_campaign%3DAR%26utm_content%3DFarmington,gerbercollision.com/locations/farmington-ar%3futm_source%3dseo_local%26utm_medium%3dseo_local_snack_pack%26utm_campaign%3dar%26utm_content%3dfarmington,tracking-or-encoded-url
1440,Pan American Collision Center,Crash Champions Collision Repair Burke North,name_review,https://crashchampions.com/locations/crash-champions-burke-north,crashchampions.com/locations/crash-champions-burke-north,scheme-www-or-trailing-slash-normalization
1446,Patton Brothers Body & Frame,Joe Hudson's Collision Center,name_review,https://jhcc.com/locations/auto-body-shop-athens-ga/,jhcc.com/locations/auto-body-shop-athens-ga,scheme-www-or-trailing-slash-normalization
1449,PDM Collision Repair Center,"Paints, Dents & More (PDM Collision Repair Center)",name_review,http://pdmcollision.com/,pdmcollision.com,scheme-www-or-trailing-slash-normalization
1451,Performance Auto Body,Gerber Collision & Glass,name_review,https://www.gerbercollision.com/locations/imperial-mo%3Futm_source%3DSEO_Local%26utm_medium%3DSEO_Local_Snack_Pack%26utm_campaign%3DMO%26utm_content%3DImperial,gerbercollision.com/locations/imperial-mo%3futm_source%3dseo_local%26utm_medium%3dseo_local_snack_pack%26utm_campaign%3dmo%26utm_content%3dimperial,tracking-or-encoded-url
1465,Plan B Autobody,Plan B Autobody,existing_conflict,https://www.planbautobody.com/%3Futm_campaign%3Dgmb,planbautobody.com/%3futm_campaign%3dgmb,tracking-or-encoded-url
1470,Precision Collision Of Lynn Haven,Classic Collision,name_review,https://classiccollision.com/locations/classic-collision-lynn-haven/,classiccollision.com/locations/classic-collision-lynn-haven,scheme-www-or-trailing-slash-normalization
1473,Prestige Auto Body,Prestige Auto Body,existing_conflict,https://www.vivecollision.com/shop/prestigeautobodynh/,vivecollision.com/shop/prestigeautobodynh,scheme-www-or-trailing-slash-normalization
1474,Classic Collision Goleta,Classic Collision,name_review,https://classiccollision.com/locations/classic-collision-goleta/,classiccollision.com/locations/classic-collision-goleta,scheme-www-or-trailing-slash-normalization
1476,Pro Body Shop,Crash Champions Collision Repair Thomasville,name_review,https://crashchampions.com/locations/crash-champions-thomasville,crashchampions.com/locations/crash-champions-thomasville,scheme-www-or-trailing-slash-normalization
1500,Rick'S Auto Body,Rick's Auto Body,name_review,http://www.ricksauto-body.com/,ricksauto-body.com,scheme-www-or-trailing-slash-normalization
1520,Rowley's Accident & Hail Repair,CARSTAR Axiom Collision Repair - Loveland,name_review,https://www.carstar.com/locations/co/loveland-15778/,carstar.com/locations/co/loveland-15778,scheme-www-or-trailing-slash-normalization
1537,Suburban Auto Body,Classic Collision,name_review,https://classiccollision.com/locations/classic-collision-little-canada/,classiccollision.com/locations/classic-collision-little-canada,scheme-www-or-trailing-slash-normalization
1547,Superior Collision,Superior Collision Inc,name_review,https://lomyu.me/superior-collision-inc-555706-us,lomyu.me/superior-collision-inc-555706-us,scheme-www-or-trailing-slash-normalization
1551,Scottsbluff Body & Paint,Scottsbluff Body & Paint,needs_review_fill,https://scottsbluffbodyandpaint.com/,scottsbluffbodyandpaint.com,scheme-www-or-trailing-slash-normalization
1557,Selecta Auto Body,Selecta Auto Body,existing_conflict,https://www.selectaautobody.com/,selectaautobody.com,scheme-www-or-trailing-slash-normalization
1568,Sharp Auto Body,Sharp Auto Body,existing_conflict,http://sharpautobody.com/%3Futm_campaign%3Dgmb,sharpautobody.com/%3futm_campaign%3dgmb,tracking-or-encoded-url
1626,Universal Collision - West,Gerber Collision & Glass,name_review,https://www.gerbercollision.com/locations/tallahassee-2751-w-tennessee-st-fl%3Futm_source%3DSEO_Local%26utm_medium%3DSEO_Local_Snack_Pack%26utm_campaign%3DFL%26utm_content%3DTallahassee-Tennessee,gerbercollision.com/locations/tallahassee-2751-w-tennessee-st-fl%3futm_source%3dseo_local%26utm_medium%3dseo_local_snack_pack%26utm_campaign%3dfl%26utm_content%3dtallahassee-tennessee,tracking-or-encoded-url
1640,Wallace Collision Center,Wallace Collision Center,existing_conflict,https://wallacecollisionrepair.com/%3Fy_source%3D1_MTU2Mzg3NzItNzE1LWxvY2F0aW9uLndlYnNpdGU%253D,wallacecollisionrepair.com/%3fy_source%3d1_mtu2mzg3nzitnze1lwxvy2f0aw9ulndlynnpdgu%253d,tracking-or-encoded-url
1646,Weaver's Auto Center,Crash Champions Collision Repair Shawnee,name_review,https://crashchampions.com/locations/crash-champions-shawnee,crashchampions.com/locations/crash-champions-shawnee,scheme-www-or-trailing-slash-normalization
2456,Rife's Auto Body,Rife's Auto Body - Westerville,name_review,https://www.rifesautobody.com/,rifesautobody.com,scheme-www-or-trailing-slash-normalization
2464,Don Juan's Certified Collision Care,Crash Champions Collision Repair Santa Fe Rufina,name_review,https://crashchampions.com/locations/crash-champions-santa-fe-rufina,crashchampions.com/locations/crash-champions-santa-fe-rufina,scheme-www-or-trailing-slash-normalization
5845,A.T.H,Caliber Collision,name_review,https://www.caliber.com/find-a-location/mauston%3Futm_source%3Dgoogle%26utm_medium%3Dgbp-profile%26utm_campaign%3Dwebform-GBPwebsite%26utm_content%3D%26utm_term%3D%26utm_id%3D0966,caliber.com/find-a-location/mauston%3futm_source%3dgoogle%26utm_medium%3dgbp-profile%26utm_campaign%3dwebform-gbpwebsite%26utm_content%3d%26utm_term%3d%26utm_id%3d0966,tracking-or-encoded-url
5846,Ball Body Shop,Ball Body Shop,existing_conflict,https://bstreetcollision.com/collision-repair/middleton-wi/,bstreetcollision.com/collision-repair/middleton-wi,scheme-www-or-trailing-slash-normalization
5854,"Straight Line Collision, Inc.",Straightline Collision,name_review,https://www.straightlinecollisioncenter.com/,straightlinecollisioncenter.com,scheme-www-or-trailing-slash-normalization
5874,M & M Auto Body,M & M Auto Body,existing_conflict,http://www.mmautobody.com/,mmautobody.com,scheme-www-or-trailing-slash-normalization
5875,Marklein Auto Body,"Marklein Auto Body, Inc.",name_review,https://www.carwise.com/auto-body-shops/marklein-auto-body-dodgeville-wi-53533/475916,carwise.com/auto-body-shops/marklein-auto-body-dodgeville-wi-53533/475916,scheme-www-or-trailing-slash-normalization
5883,S/S RESEARCH,S&S Automotive Service Center,name_review,https://ssautomotive.pro/,ssautomotive.pro,scheme-www-or-trailing-slash-normalization
5888,State Auto Body,State Auto Body,needs_review_fill,http://stateautobodyri.com/,stateautobodyri.com,scheme-www-or-trailing-slash-normalization
5903,Bocker Auto Group,Bocker Chevrolet GMC and Used Cars,name_review,https://www.bockerautogroup.com/%3Futm_source%3Dgoogle%26utm_medium%3Dorganic%26utm_campaign%3Dgbp_sales_websitelink,bockerautogroup.com/%3futm_source%3dgoogle%26utm_medium%3dorganic%26utm_campaign%3dgbp_sales_websitelink,tracking-or-encoded-url
5907,A & R  Autobody,CDE Collision Centers - Washington St.,name_review,https://cdecollisioncenters.com/,cdecollisioncenters.com,scheme-www-or-trailing-slash-normalization
5908,Classic Collision Center,Classic Collision Center,needs_review_fill,https://www.classic-collision.com/,classic-collision.com,scheme-www-or-trailing-slash-normalization
5913,Tom & Eds,Tom & Ed's Autobody of Schererville,name_review,https://www.tomandeds.com/locations/1225-birch-drive-schererville-indiana-46375%3Fy_source%3D1_MTA4OTA4MjQ1My03MTUtbG9jYXRpb24ud2Vic2l0ZQ%253D%253D,tomandeds.com/locations/1225-birch-drive-schererville-indiana-46375%3fy_source%3d1_mta4ota4mjq1my03mtutbg9jyxrpb24ud2vic2l0zq%253d%253d,tracking-or-encoded-url
5914,Supreme Body Works,Supreme Bodyworks,name_review,http://supremebodyworks.net/,supremebodyworks.net,scheme-www-or-trailing-slash-normalization
