generated_at,pipedrive_org_id,pipedrive_org_name,target_field_name,target_field_key,current_value,proposed_value,source_system,source_id,source_field,match_strategy,match_reason,classification,hold_reason,requires_nick_approval,source_name,source_address,source_city,source_state,source_postal_code,source_phone,source_website,source_psg_id
2026-07-17T15:38:23.909Z,1584,The Wreck Room - Mt,PSG ID,f9036ab08f3060c05153ff91d2085270a935a8b4,,PS1005,FileMaker repair customer export 2018-2020 aggregate,PS1005,source_psg_id,exact_name_state,exact_name_state; name_similarity=1.00,safe_fill,,false,The Wreck Room - MT,,,,,,,PS1005
2026-07-17T15:38:23.909Z,6142,Auto Body Pros,Website,website,,http://bodyshoppros.net/,Supabase Google Business Profile body_shops,ChIJrdNs3pOw2YgRzo_zXkV92Ng,source_website,exact_name_state,exact_name_state; name_similarity=1.00,safe_fill,,false,Body Shop Pros Collision Center,"1841 E 11th Ave, Hialeah, FL 33013",Hialeah,FL,33013,+1 305-887-7405,http://bodyshoppros.net/,
2026-07-17T15:38:23.909Z,6110,Westport Autocraft,Website,website,,https://www.westportautocraft.net/,Supabase Google Business Profile body_shops,ChIJv4ys5Icb6IkRZNNY30Cw59I,source_website,exact_phone,exact_phone; name_similarity=0.95,safe_fill,,false,Westport Auto Craft,"313 Riverside Ave, Westport, CT 06880",Westport,CT,06880,+1 203-227-2862,https://www.westportautocraft.net/,
2026-07-17T15:38:23.909Z,6282,Preferred Auto Body,Website,website,,https://preferredautobodycorp.com/,Supabase Google Business Profile body_shops,ChIJM1Vf85kl44kRnz55_30GoVE,source_website,exact_name_state,exact_name_state; name_similarity=1.00,safe_fill,,false,Preferred Auto Body,"7 Pond Rd # 11, Gloucester, MA 01930",Gloucester,MA,01930,+1 978-283-2008,https://preferredautobodycorp.com/,
2026-07-17T15:38:23.909Z,8789,Poynette Auto Body,Phone,04b2473348bdf2df769dcc3d40323bd319465965,,+1 608-635-7588,Supabase Google Business Profile body_shops,ChIJ4woVB_gdB4gRhW8xzboL2cU,source_phone,exact_website_domain,exact_website_domain; name_similarity=1.00,safe_fill,,false,"Poynette Auto Body, L.L.C.","705 W North St, Poynette, WI 53955",Poynette,WI,53955,+1 608-635-7588,http://www.poynetteautobody.com/,
2026-07-17T15:38:23.909Z,6453,Riverside Auto Body,Website,website,,http://www.riversidecollisioncenter.com/,Supabase Google Business Profile body_shops,ChIJlb9P_2Gx3IARiig2BSwgTn0,source_website,exact_name_state,exact_name_state; name_similarity=1.00,safe_fill,,false,Riverside Collision Center,"2805 Main St, Riverside, CA 92501",Riverside,CA,92501,+1 951-494-8700,http://www.riversidecollisioncenter.com/,
2026-07-17T15:38:23.909Z,8791,Bell and Osborn Auto Body,Phone,04b2473348bdf2df769dcc3d40323bd319465965,,+1 636-278-6700,Supabase Google Business Profile body_shops,ChIJN1mXY5fX3ocRJl5kj6z6acg,source_phone,exact_website_domain,exact_website_domain; name_similarity=1.00,safe_fill,,false,Bell and Osborn Auto Body,"107 N Gatty St Drive, St Peters, MO 63376",St Peters,MO,63376,+1 636-278-6700,https://www.bellandosbornautobody.com/,
2026-07-17T15:38:23.909Z,8791,Bell and Osborn Auto Body,Address,address,,"107 N Gatty St Drive, St Peters, MO 63376",Supabase Google Business Profile body_shops,ChIJN1mXY5fX3ocRJl5kj6z6acg,source_address,exact_website_domain,exact_website_domain; name_similarity=1.00,safe_fill,,false,Bell and Osborn Auto Body,"107 N Gatty St Drive, St Peters, MO 63376",St Peters,MO,63376,+1 636-278-6700,https://www.bellandosbornautobody.com/,
2026-07-17T15:38:23.909Z,5872,Jim's Auto Body,Website,website,,http://jabofjackson.com/,Supabase Google Business Profile body_shops,ChIJiYX2RWJYBIgRdWaU-SpMXBk,source_website,exact_name_state,exact_name_state; name_similarity=1.00,safe_fill,,false,Jim's Auto Body,"4454 Co Rd P, Jackson, WI 53037",Jackson,WI,53037,+1 262-677-3022,http://jabofjackson.com/,
2026-07-17T15:38:23.909Z,7290,"Parkside Auto Body, Inc.",Website,website,,http://www.parksideautobody.com/,Supabase Google Business Profile body_shops,ChIJ5wPJEPW6D4gRFW-DV5DbgS0,source_website,exact_phone,exact_phone; name_similarity=1.00,safe_fill,,false,Parkside Auto Body Inc,"1 S Hickory Ave, Arlington Heights, IL 60004",Arlington Heights,IL,60004,+1 847-394-9100,http://www.parksideautobody.com/,
2026-07-17T15:38:23.909Z,6255,"Five Star Auto Body, Inc.",Website,website,,http://fivestar-collision.com/,Supabase Google Business Profile body_shops,ChIJZedDJC385IkRg1ckm1CUMzk,source_website,exact_name_state,exact_name_state; name_similarity=1.00,safe_fill,,false,Five Star Collision Center Inc,"683A American Legion Hwy, Westport, MA 02790",Westport,MA,02790,+1 508-636-3152,http://fivestar-collision.com/,
2026-07-17T15:38:23.909Z,6221,Supreme Auto Body,Website,website,,https://www.supremeautobodyinc.com/,Supabase Google Business Profile body_shops,ChIJV6N4CVF-44kRxMF7tgt85I8,source_website,exact_name_state,exact_name_state; name_similarity=1.00,safe_fill,,false,"Supreme Auto Body, Inc","1734 River St, Hyde Park, MA 02136",Hyde Park,MA,02136,+1 617-364-4435,https://www.supremeautobodyinc.com/,
2026-07-17T15:38:23.909Z,6142,Auto Body Pros,Website,website,,https://collisionprospsl.com/,Supabase Google Business Profile body_shops,ChIJwfnviwPr3ogR1-V5s8CSwVw,source_website,exact_name_state,exact_name_state; name_similarity=1.00,safe_fill,,false,Collision Pros,"2125 SW Hayworth Ave, Port St. Lucie, FL 34953",Port St. Lucie,FL,34953,+1 772-359-1174,https://collisionprospsl.com/,
2026-07-17T15:38:23.909Z,7475,Tony's Body Shop,Website,website,,http://instagram.com/tonysbodyshopx,Supabase Google Business Profile body_shops,ChIJB2HfRS5qCYgRZ6YL2gFlrOU,source_website,exact_name_state,exact_name_state; name_similarity=1.00,safe_fill,,false,Tony's Body Shop,"215 N 4099th Rd, Mendota, IL 61342",Mendota,IL,61342,+1 815-539-3057,http://instagram.com/tonysbodyshopx,
2026-07-17T15:38:23.909Z,8613,Don Johnson Motors,Phone,04b2473348bdf2df769dcc3d40323bd319465965,,+1 715-234-4035,Supabase Google Business Profile body_shops,ChIJkarjSN77rFIRzBVw6_wFruU,source_phone,exact_name_state,exact_name_state; name_similarity=1.00,safe_fill,,false,Don Johnson Motors Collision Center,"721 West Ave, Rice Lake, WI 54868",Rice Lake,WI,54868,+1 715-234-4035,https://www.donjohnsonmotors.com/collision-center.html,
2026-07-17T15:38:23.909Z,8613,Don Johnson Motors,Website,website,,https://www.donjohnsonmotors.com/collision-center.html,Supabase Google Business Profile body_shops,ChIJkarjSN77rFIRzBVw6_wFruU,source_website,exact_name_state,exact_name_state; name_similarity=1.00,safe_fill,,false,Don Johnson Motors Collision Center,"721 West Ave, Rice Lake, WI 54868",Rice Lake,WI,54868,+1 715-234-4035,https://www.donjohnsonmotors.com/collision-center.html,
2026-07-17T15:38:23.909Z,5908,Classic Collision Center,Website,website,,https://www.classicautobodytow.com/,Supabase Google Business Profile body_shops,ChIJg1yAsmECdogR4VaXQug7cHo,source_website,exact_name_state,exact_name_state; name_similarity=1.00,safe_fill,,false,Classic Auto Body,"1421 N Illinois St, Swansea, IL 62226",Swansea,IL,62226,+1 618-233-7951,https://www.classicautobodytow.com/,
2026-07-17T15:38:23.909Z,8638,Tom Wood Collision,Phone,04b2473348bdf2df769dcc3d40323bd319465965,,+1 317-848-6707,Supabase Google Business Profile body_shops,ChIJBbAN0FutFIgRiKVAJHKc4Ig,source_phone,exact_name_state,exact_name_state; name_similarity=1.00,safe_fill,,false,Tom Wood Collision Center,"9727 Bauer Dr E, Indianapolis, IN 46280",Indianapolis,IN,46280,+1 317-848-6707,https://www.tomwoodcollision.com/,
2026-07-17T15:38:23.909Z,8638,Tom Wood Collision,Website,website,,https://www.tomwoodcollision.com/,Supabase Google Business Profile body_shops,ChIJBbAN0FutFIgRiKVAJHKc4Ig,source_website,exact_name_state,exact_name_state; name_similarity=1.00,safe_fill,,false,Tom Wood Collision Center,"9727 Bauer Dr E, Indianapolis, IN 46280",Indianapolis,IN,46280,+1 317-848-6707,https://www.tomwoodcollision.com/,
2026-07-17T15:38:23.909Z,1547,Superior Collision,Website,website,,http://superiorautobodyshop.net/,Supabase Google Business Profile body_shops,ChIJP6-GmyyGSIgRaIzH3aLcySE,source_website,exact_name_state,exact_name_state; name_similarity=1.00,safe_fill,,false,Superior Auto Body,"105 Hudson St, Middleport, OH 45760",Middleport,OH,45760,+1 740-992-2476,http://superiorautobodyshop.net/,
2026-07-17T15:38:23.909Z,6202,Ray's Auto Body,Website,website,,http://www.raysautobodyrepair.com/,Supabase Google Business Profile body_shops,ChIJeRSmDCoP5IkRunKoF4SnriY,source_website,exact_name_state,exact_name_state; name_similarity=1.00,safe_fill,,false,Ray's Auto Body,"188 Worcester St, North Grafton, MA 01536",North Grafton,MA,01536,+1 508-839-9508,http://www.raysautobodyrepair.com/,
2026-07-17T15:38:23.909Z,6324,Dave's Body Shop,Website,website,,http://davescollisionup.com/,Supabase Google Business Profile body_shops,ChIJf_go42_qUU0RjCQXXHTKegs,source_website,exact_name_state,exact_name_state; name_similarity=1.00,safe_fill,,false,Dave's Collision Center,"579 Washington St, Ishpeming, MI 49849",Ishpeming,MI,49849,+1 906-485-1211,http://davescollisionup.com/,
2026-07-17T15:38:23.909Z,6760,Tom's Auto Body,Website,website,,http://www.toms-autobody.com/,Supabase Google Business Profile body_shops,ChIJFaR1dBh25IkRz7nEWVbrChw,source_website,exact_name_state,exact_name_state; name_similarity=1.00,safe_fill,,false,Tom's Auto Body Inc,"65 Union St, Ashland, MA 01721",Ashland,MA,01721,+1 508-881-4748,http://www.toms-autobody.com/,
2026-07-17T15:38:23.909Z,6006,Manuel's Auto Body,Website,website,,https://www.manuelsbodyshop.com/,Supabase Google Business Profile body_shops,ChIJ2co5Piq6woARypQWL8Ll1cg,source_website,exact_name_state,exact_name_state; name_similarity=1.00,safe_fill,,false,Manuel's Body Shop,"9301 Venice Blvd., Culver City, CA 90232",Culver City,CA,90232,+1 310-836-3701,https://www.manuelsbodyshop.com/,
2026-07-17T15:38:23.909Z,7269,"Dave's Body Shop, Inc.",Website,website,,https://davesbodyshopwalkertonin.com/,Supabase Google Business Profile body_shops,ChIJz0TXC2JBEYgRP__A44J83NQ,source_website,exact_name_state,exact_name_state; name_similarity=1.00,safe_fill,,false,Dave's Body Shop,"8951 E 950 S, Walkerton, IN 46574",Walkerton,IN,46574,+1 574-586-2839,https://davesbodyshopwalkertonin.com/,
2026-07-17T15:38:23.909Z,7033,Steve's Auto Body,Website,website,,http://stevesautobodynorwell.com/,Supabase Google Business Profile body_shops,ChIJI9lIxN5h44kRafT78oprrXI,source_website,exact_name_state,exact_name_state; name_similarity=1.00,safe_fill,,false,Steve's Auto Body Inc,"7 Grove St, Norwell, MA 02061",Norwell,MA,02061,+1 781-871-3942,http://stevesautobodynorwell.com/,
2026-07-17T15:38:23.909Z,7014,Accurate Auto Body,Website,website,,https://accuratecollisionboston.com/,Supabase Google Business Profile body_shops,ChIJb1_Rihxx44kROSfBvij1SXw,source_website,exact_name_state,exact_name_state; name_similarity=1.00,safe_fill,,false,Accurate Collision,"36 Mystic St, Everett, MA 02149",Everett,MA,02149,+1 617-387-3368,https://accuratecollisionboston.com/,
2026-07-17T15:38:23.909Z,6198,George's Auto Body Inc.,Website,website,,http://georgescenters.com/,Supabase Google Business Profile body_shops,ChIJ2TnEcVBw44kREQ-dJEEnywA,source_website,exact_name_state,exact_name_state; name_similarity=1.00,safe_fill,,false,"George's Auto Body, Inc.","163 Rear Squire Rd, Revere, MA 02151",Revere,MA,02151,+1 617-567-9625,http://georgescenters.com/,
2026-07-17T15:38:23.909Z,5908,Classic Collision Center,Website,website,,https://classicautobodyil.com/,Supabase Google Business Profile body_shops,ChIJzwFuTiUQc4gRV-bVJUvsClg,source_website,exact_name_state,exact_name_state; name_similarity=1.00,safe_fill,,false,Classic Auto Body,"67 Richmond Ave, Mattoon, IL 61938",Mattoon,IL,61938,+1 217-258-6652,https://classicautobodyil.com/,
2026-07-17T15:38:23.909Z,8590,NoHo Collision Center Inc.,PSG ID,f9036ab08f3060c05153ff91d2085270a935a8b4,,PS1144,Supabase Invoiced customer cache,13244146,source_psg_id,exact_name_state,exact_name_state; name_similarity=1.00,safe_fill,,false,NoHo Collision Center,,North Hollywood,CA,,,,PS1144
2026-07-17T15:38:23.909Z,8788,Ozzie's Body Shop,PSG ID,f9036ab08f3060c05153ff91d2085270a935a8b4,,PS1663,Supabase Invoiced customer cache,13244615,source_psg_id,exact_name_state,exact_name_state; name_similarity=1.00,safe_fill,,false,Ozzie's Body Shop,,Loveland,CO,,,,PS1663
2026-07-17T15:38:23.909Z,8789,Poynette Auto Body,PSG ID,f9036ab08f3060c05153ff91d2085270a935a8b4,,PS1664,Supabase Invoiced customer cache,12836717,source_psg_id,exact_name_state,exact_name_state; name_similarity=1.00,safe_fill,,false,Poynette Auto Body,,Poynette,WI,,,,PS1664
2026-07-17T15:38:23.909Z,6933,Syverson Auto Body,PSG ID,f9036ab08f3060c05153ff91d2085270a935a8b4,,PS1150,Supabase Invoiced customer cache,13244150,source_psg_id,exact_name_state,exact_name_state; name_similarity=1.00,safe_fill,,false,Syverson Auto Body,,Sparta,WI,,,,PS1150
